-- phpMyAdmin SQL Dump
-- version 5.2.1
-- https://www.phpmyadmin.net/
--
-- Host: 127.0.0.1
-- Generation Time: Sep 07, 2025 at 02:42 PM
-- Server version: 10.4.32-MariaDB
-- PHP Version: 8.2.12

SET SQL_MODE = "NO_AUTO_VALUE_ON_ZERO";
START TRANSACTION;
SET time_zone = "+00:00";


/*!40101 SET @OLD_CHARACTER_SET_CLIENT=@@CHARACTER_SET_CLIENT */;
/*!40101 SET @OLD_CHARACTER_SET_RESULTS=@@CHARACTER_SET_RESULTS */;
/*!40101 SET @OLD_COLLATION_CONNECTION=@@COLLATION_CONNECTION */;
/*!40101 SET NAMES utf8mb4 */;

--
-- Database: `hvac`
--

-- --------------------------------------------------------

--
-- Table structure for table `appliances_type`
--

CREATE TABLE `appliances_type` (
  `appliances_type_id` int(11) NOT NULL,
  `appliances_type_name` varchar(255) NOT NULL
) ENGINE=InnoDB DEFAULT CHARSET=utf8mb4 COLLATE=utf8mb4_general_ci;

--
-- Dumping data for table `appliances_type`
--

INSERT INTO `appliances_type` (`appliances_type_id`, `appliances_type_name`) VALUES
(1, 'dwadwa'),
(2, 'edwad'),
(3, 'Ref'),
(4, 'aircon'),
(5, 'test'),
(6, 'test123'),
(7, 'teas21321'),
(8, 'dwadsadwadwa'),
(9, 'dwadawda'),
(10, 'dwada'),
(11, 'rtae'),
(12, 'tae'),
(13, 'Refrigerator'),
(14, 'Chillers'),
(15, 'Freezers'),
(16, 'Electrical Systems'),
(17, 'Coolers'),
(18, 'Heaters'),
(19, 'test1'),
(20, 'appl'),
(21, 'noys'),
(22, 'try'),
(23, 'dwadaw'),
(24, 'awdwadwa'),
(25, 'sss'),
(26, 'aaawdwa'),
(27, 'ddd'),
(28, 'dwadwadwad'),
(29, 'dwadwadwadadadwa'),
(30, 'dwadw'),
(31, 'dwad'),
(32, 's'),
(33, 'd'),
(34, 'sad'),
(35, 'dwa'),
(36, 'a'),
(37, 'dwadwadawdwadawd');

-- --------------------------------------------------------

--
-- Table structure for table `appointment`
--

CREATE TABLE `appointment` (
  `app_id` int(11) NOT NULL,
  `app_schedule` datetime NOT NULL,
  `app_desc` text NOT NULL,
  `app_created` datetime NOT NULL DEFAULT current_timestamp(),
  `app_status_id` int(11) NOT NULL,
  `app_rating` double NOT NULL,
  `app_comment` text NOT NULL,
  `app_price` varchar(255) NOT NULL,
  `payment_status` enum('Paid','Unpaid') NOT NULL DEFAULT 'Unpaid',
  `decline_justification` text NOT NULL,
  `app_justification` text NOT NULL,
  `service_type_id` int(11) NOT NULL,
  `appliances_type_id` int(11) DEFAULT NULL,
  `user_id` int(11) NOT NULL,
  `user_technician` int(11) NOT NULL,
  `user_technician_2` int(11) DEFAULT NULL,
  `technician_justification` text DEFAULT NULL COMMENT 'Justification provided when customer does not select their frequent primary or secondary technician',
  `app_completed_at` datetime DEFAULT NULL
) ENGINE=InnoDB DEFAULT CHARSET=utf8mb4 COLLATE=utf8mb4_general_ci;

--
-- Dumping data for table `appointment`
--

INSERT INTO `appointment` (`app_id`, `app_schedule`, `app_desc`, `app_created`, `app_status_id`, `app_rating`, `app_comment`, `app_price`, `payment_status`, `decline_justification`, `app_justification`, `service_type_id`, `appliances_type_id`, `user_id`, `user_technician`, `user_technician_2`, `technician_justification`, `app_completed_at`) VALUES
(8, '2025-05-05 07:45:02', 'Ang ref di mo bugnawsss', '2025-04-16 13:47:18', 3, 5, 'hello this is a comment', '', 'Unpaid', '', '', 1, NULL, 213, 203, NULL, NULL, NULL),
(9, '2025-05-05 07:45:02', 'hello', '2025-04-05 13:47:18', 3, 5, 'dwadwadwa', '', 'Unpaid', '', '', 1, NULL, 210, 203, NULL, NULL, NULL),
(19, '2025-05-07 15:26:00', 'tests', '2025-05-07 16:26:22', 4, 0, '', '', 'Unpaid', 'dwadwadwa', '', 1, NULL, 210, 202, NULL, NULL, NULL),
(321, '2025-05-05 09:00:00', 'AC not cooling properly', '2025-05-01 12:30:45', 1, 5, 'Excellent service, very professional', '', 'Unpaid', '', '', 1, NULL, 210, 195, NULL, NULL, NULL),
(322, '2025-05-15 10:30:00', 'Furnace making strange noise', '2025-05-01 14:22:12', 1, 4, 'Good job but had to wait a bit', '', 'Unpaid', '', '', 1, NULL, 210, 196, NULL, NULL, NULL),
(324, '2025-05-16 11:00:00', 'Heat pump inspection', '2025-04-02 16:45:00', 3, 2.5, 'tae', '', 'Unpaid', '', '', 2, NULL, 210, 198, NULL, NULL, NULL),
(326, '2025-05-17 09:30:00', 'AC refrigerant recharge', '2025-05-03 10:12:45', 10, 3, 'Service was okay but expensive', '', 'Unpaid', '', '', 1, NULL, 210, 200, NULL, NULL, NULL),
(327, '2025-05-17 11:15:00', 'Heating system maintenance', '2025-05-03 15:20:00', 3, 5, 'Fast and efficient service!', '', 'Unpaid', '', '', 2, NULL, 210, 201, NULL, NULL, NULL),
(329, '2025-05-18 13:45:00', 'Ventilation system inspection', '2025-05-04 14:30:15', 3, 4, 'Satisfied with the service', '1600', 'Unpaid', '', '', 2, NULL, 210, 203, NULL, NULL, NULL),
(330, '2025-05-19 09:15:00', 'HVAC system tune-up', '2025-05-05 09:00:00', 4, 0, '', '', 'Unpaid', 'ulol di ko', '', 2, NULL, 210, 204, NULL, NULL, NULL),
(332, '2025-05-20 10:30:00', 'Dehumidifier repair', '2025-05-06 08:15:30', 3, 2, 'Not satisfied with results', '', 'Unpaid', '', '', 1, NULL, 210, 206, NULL, NULL, NULL),
(333, '2025-05-20 14:00:00', 'Blower motor replacement', '2025-05-06 16:40:00', 1, 5, 'Excellent work', '', 'Unpaid', '', '', 1, NULL, 210, 207, NULL, NULL, NULL),
(337, '2025-05-22 13:30:00', 'Ductwork leak repair', '2025-05-08 15:05:35', 1, 5, 'Friendly and professional staff', '', 'Unpaid', '', '', 1, NULL, 210, 196, NULL, NULL, NULL),
(339, '2025-05-23 14:15:00', 'Radiant floor heating check', '2025-05-09 16:00:00', 1, 4, 'Thorough inspection', '', 'Unpaid', '', '', 2, NULL, 210, 198, NULL, NULL, NULL),
(341, '2025-05-24 13:00:00', 'Geothermal system maintenance', '2025-05-10 14:15:30', 1, 5, 'Exceptional service!', '', 'Unpaid', '', '', 2, NULL, 210, 200, NULL, NULL, NULL),
(343, '2025-05-25 11:45:00', 'Compressor repair', '2025-05-11 13:30:22', 1, 4, 'Very satisfied with repair', '', 'Unpaid', '', '', 1, NULL, 210, 202, NULL, NULL, NULL),
(344, '2025-05-26 10:30:00', 'Heat exchanger inspection', '2025-05-12 09:12:45', 3, 2, 'Issue not fully resolved', '', 'Unpaid', '', '', 2, NULL, 210, 203, NULL, NULL, NULL),
(345, '2025-05-26 14:00:00', 'Fan motor replacement', '2025-05-12 15:20:00', 1, 5, 'Excellent and quick service', '', 'Unpaid', '', '', 1, NULL, 210, 204, NULL, NULL, NULL),
(346, '2025-05-27 09:45:00', 'Capacitor replacement Capacitor replacement Capacitor replacement Capacitor replacement Capacitor replacement Capacitor replacement Capacitor replacement Capacitor replacement Capacitor replacement Capacitor replacement Capacitor replacement Capacitor replacement Capacitor replacement Capacitor replacement Capacitor replacement Capacitor replacement Capacitor replacement Capacitor replacement Capacitor replacement Capacitor replacement Capacitor replacement Capacitor replacement Capacitor replacement Capacitor replacement Capacitor replacement Capacitor replacement Capacitor replacement Capacitor replacement Capacitor replacement Capacitor replacement Capacitor replacement Capacitor replacement Capacitor replacement', '2025-05-13 11:05:35', 1, 0, '', '', 'Unpaid', '', '', 1, NULL, 210, 205, NULL, NULL, NULL),
(347, '2025-05-27 13:15:00', 'Refrigerant leak detection', '2025-05-13 16:30:15', 1, 5, 'Very pleased with the results', '', 'Unpaid', '', '', 2, NULL, 210, 206, NULL, NULL, NULL),
(348, '2025-05-28 10:00:00', 'Circuit board replacement', '2025-05-14 09:00:00', 3, 5, 'great', '', 'Unpaid', '', '', 1, NULL, 210, 207, NULL, NULL, NULL),
(352, '2025-05-30 10:45:00', 'Attic fan repair', '2025-05-16 11:30:22', 3, 0, 'Not happy with service time', '', 'Unpaid', '', '', 2, NULL, 223, 207, NULL, NULL, NULL),
(353, '2025-05-30 13:30:00', 'Boiler maintenance', '2025-05-16 16:12:45', 1, 4, 'Satisfied customer', '', 'Unpaid', '', '', 2, NULL, 210, 197, NULL, NULL, NULL),
(355, '2025-05-31 11:45:00', 'Emergency heating repair', '2025-05-17 14:05:35', 3, 5, 'Outstanding service quality', '', 'Unpaid', '', '', 1, NULL, 210, 199, NULL, NULL, NULL),
(356, '2025-06-01 10:30:00', 'Pilot light ignition issues', '2025-05-18 10:30:15', 3, 2, 'Heater still makes noise', '', 'Unpaid', '', '', 1, NULL, 210, 200, NULL, NULL, NULL),
(357, '2025-06-01 14:00:00', 'Gas furnace safety inspection', '2025-05-18 15:00:00', 3, 5, 'Fixed perfectly', '', 'Unpaid', '', '', 2, NULL, 210, 201, NULL, NULL, NULL),
(358, '2025-06-02 09:45:00', 'Oil furnace tune-up', '2025-05-19 11:25:45', 4, 0, '', '', 'Unpaid', '', '', 2, NULL, 210, 202, NULL, NULL, NULL),
(359, '2025-06-02 13:15:00', 'Electric furnace repair', '2025-05-19 16:15:30', 3, 4, 'Good service', '345', 'Unpaid', '', '', 1, NULL, 210, 203, NULL, NULL, NULL),
(360, '2025-06-03 10:00:00', 'Ductless mini-split maintenance', '2025-05-20 09:40:00', 3, 2.5, 'No Comment', '', 'Unpaid', '', '', 2, NULL, 210, 204, NULL, NULL, NULL),
(361, '2025-06-03 12:30:00', 'Air balancing service', '2025-05-20 14:30:22', 1, 5, 'Perfect balance now', '', 'Unpaid', '', '', 2, NULL, 210, 205, NULL, NULL, NULL),
(362, '2025-06-04 09:30:00', 'Energy efficiency assessment', '2025-05-21 10:12:45', 4, 3, 'Average service quality', '', 'Unpaid', '', '', 2, NULL, 210, 206, NULL, NULL, NULL),
(363, '2025-06-04 14:00:00', 'Heat pump refrigerant check', '2025-05-21 15:20:00', 1, 4, 'Thorough testing done', '', 'Unpaid', '', '', 2, NULL, 210, 207, NULL, NULL, NULL),
(365, '2025-06-05 13:30:00', 'Air handler maintenance', '2025-05-22 16:30:15', 1, 5, 'Excellent diagnostic work', '', 'Unpaid', '', '', 2, NULL, 210, 209, NULL, NULL, NULL),
(366, '2025-06-06 09:15:00', 'Zone damper repair', '2025-05-23 09:00:00', 1, 0, '', '', 'Unpaid', '', '', 1, NULL, 210, 195, NULL, NULL, NULL),
(369, '2025-06-07 14:00:00', 'HVAC safety inspection', '2025-05-24 15:40:00', 1, 5, 'Very thorough safety check', '', 'Unpaid', '', '', 2, NULL, 210, 198, NULL, NULL, NULL),
(370, '2025-06-08 09:45:00', 'Humidistat calibration', '2025-05-25 11:30:22', 4, 0, '', '', 'Unpaid', '', '', 2, NULL, 210, 199, NULL, NULL, NULL),
(371, '2025-06-08 13:15:00', 'Air quality testing', '2025-05-25 16:12:45', 1, 4, 'Works perfectly now', '', 'Unpaid', '', '', 2, NULL, 210, 200, NULL, NULL, NULL),
(372, '2025-06-09 10:00:00', 'Carbon monoxide detector check', '2025-05-26 09:20:00', 3, 1, 'hey', '', 'Unpaid', '', '', 2, NULL, 210, 201, NULL, NULL, NULL),
(373, '2025-06-09 12:30:00', 'Infrared heating system repair', '2025-05-26 14:05:35', 1, 5, 'Heat is evenly distributed now', '', 'Unpaid', '', '', 1, NULL, 210, 202, NULL, NULL, NULL),
(375, '2025-06-10 14:00:00', 'AC noise reduction', '2025-05-27 15:00:00', 5, 4, 'Works fine now', '', 'Unpaid', '', '', 1, NULL, 210, 204, NULL, NULL, NULL),
(377, '2025-06-11 13:30:00', 'HVAC system retrofit', '2025-05-28 16:15:30', 1, 5, 'System works perfectly now', '', 'Unpaid', '', '', 1, NULL, 210, 206, NULL, NULL, NULL),
(379, '2025-06-12 11:45:00', 'Supply register replacement', '2025-05-29 14:30:22', 1, 4, 'All vents working perfectly', '', 'Unpaid', '', '', 1, NULL, 210, 208, NULL, NULL, NULL),
(381, '2025-06-13 14:00:00', 'Duct board repair', '2025-05-30 15:20:00', 1, 5, 'Fixed perfectly', '', 'Unpaid', '', '', 1, NULL, 210, 195, NULL, NULL, NULL),
(382, '2025-06-14 09:45:00', 'Flex duct replacement', '2025-05-31 11:05:35', 1, 0, '', '', 'Unpaid', '', '', 1, NULL, 210, 196, NULL, NULL, NULL),
(383, '2025-05-05 07:45:02', 'Ang ref di mo bugnaw', '2025-04-16 13:47:18', 3, 5, 'hello this is a comment', '', 'Unpaid', '', '', 1, NULL, 210, 203, NULL, NULL, NULL),
(384, '2025-05-09 15:26:00', 'Test', '2025-05-07 16:26:22', 10, 0, '', '', 'Unpaid', '', '', 1, NULL, 210, 201, NULL, NULL, NULL),
(385, '2025-05-08 14:24:00', 'This is a test for real time dashboard', '2025-05-08 14:23:27', 4, 0, '', '', 'Unpaid', '', '', 1, NULL, 213, 195, NULL, NULL, NULL),
(386, '2025-05-08 14:26:00', 'henxisnwoffjrisjans', '2025-05-08 14:25:24', 4, 0, '', '', 'Unpaid', '', '', 2, NULL, 213, 195, NULL, NULL, NULL),
(387, '2025-05-08 14:31:00', 'hey', '2025-05-08 14:29:56', 4, 0, '', '', 'Unpaid', '', '', 1, NULL, 213, 201, NULL, NULL, NULL),
(388, '2025-05-08 14:45:00', 'okyyoycyo', '2025-05-08 14:43:47', 3, 4.5, 'nice', '', 'Unpaid', '', '', 2, NULL, 213, 195, NULL, NULL, NULL),
(396, '2025-05-19 23:01:00', 'test', '2025-05-19 23:02:36', 3, 0, '', '', 'Unpaid', '', '', 2, NULL, 223, 205, NULL, NULL, NULL),
(397, '2025-05-22 09:00:00', 'Air-condition Installment', '2025-05-21 14:44:38', 1, 0, '', '', 'Unpaid', '', '', 2, NULL, 226, 195, NULL, NULL, NULL),
(398, '2025-05-05 14:55:00', 'TEST', '2025-05-21 14:55:29', 4, 0, '', '', 'Unpaid', '', '', 2, NULL, 223, 197, NULL, NULL, NULL),
(399, '2025-05-30 10:45:00', 'qweqweqe', '2025-05-16 11:30:22', 3, 0, 'dsadsa', '', 'Unpaid', '', '', 1, NULL, 223, 205, NULL, NULL, NULL),
(400, '2025-05-30 10:45:00', 'Attic fan repair te', '2025-05-24 23:16:55', 4, 0, '', '', 'Unpaid', 'dwadwadwa', '', 2, NULL, 223, 207, NULL, NULL, NULL),
(401, '2025-05-30 10:45:00', 'Attic fan repair rebook', '2025-05-24 23:20:37', 4, 0, '', '', 'Unpaid', 'bala ka dira', '', 1, NULL, 223, 206, NULL, NULL, NULL),
(402, '2025-05-16 11:00:00', 'Heat pump inspection', '2025-05-26 12:02:25', 10, 0, '', '', 'Unpaid', '', '', 2, NULL, 210, 198, NULL, NULL, NULL),
(403, '2025-05-30 10:45:00', 'Attic fan repair', '2025-05-26 13:42:56', 1, 0, '', '', 'Unpaid', '', '', 2, NULL, 210, 195, NULL, NULL, NULL),
(404, '2025-05-26 13:28:00', 'aosdhiouweq', '2025-05-26 14:29:39', 1, 0, '', '', 'Unpaid', '', '', 2, NULL, 229, 196, NULL, NULL, NULL),
(405, '2025-05-05 07:45:00', 'Ang ref di mo bugnaw', '2025-05-26 14:32:17', 1, 0, '', '', 'Unpaid', '', '', 1, NULL, 210, 203, NULL, NULL, NULL),
(406, '2025-05-05 07:45:00', 'atik uy', '2025-05-27 23:56:27', 4, 0, '', '', 'Unpaid', 'atik ng nawng nimo', '', 1, NULL, 210, 198, NULL, NULL, NULL),
(0, '2025-07-29 08:00:00', 'dwadwa', '2025-07-22 19:05:58', 3, 0, '', '2323', 'Paid', 'di mi oi buing', '2dwadwadwa', 1, NULL, 210, 196, NULL, NULL, NULL),
(0, '2025-07-24 08:00:00', 'test', '2025-07-22 19:06:52', 3, 0, '', '2323', 'Paid', 'di mi oi buing', '2dwadwadwa', 1, NULL, 210, 195, NULL, NULL, NULL),
(0, '2025-07-30 14:00:00', 'dwadwa', '2025-07-22 19:37:39', 3, 0, '', '2323', 'Paid', 'di mi oi buing', '2dwadwadwa', 6, NULL, 210, 197, NULL, NULL, NULL),
(0, '2025-07-25 08:00:00', 'dwadwa', '2025-07-22 19:52:02', 3, 0, '', '2323', 'Paid', 'di mi oi buing', '2dwadwadwa', 5, NULL, 210, 195, NULL, NULL, NULL),
(0, '2025-07-31 09:00:00', 'dwadwada', '2025-07-22 20:39:45', 3, 0, '', '2323', 'Paid', 'di mi oi buing', '2dwadwadwa', 6, NULL, 210, 195, NULL, NULL, NULL),
(0, '2025-08-06 13:00:00', 'dwadwa', '2025-07-22 20:51:57', 3, 0, '', '2323', 'Paid', 'di mi oi buing', '2dwadwadwa', 5, NULL, 210, 195, NULL, NULL, NULL),
(0, '2025-08-05 15:00:00', 'justtest', '2025-07-22 21:24:00', 3, 0, '', '2323', 'Paid', 'di mi oi buing', '2dwadwadwa', 4, NULL, 210, 199, NULL, NULL, NULL),
(0, '2025-07-29 11:00:00', 'test1', '2025-07-22 21:25:50', 3, 0, '', '2323', 'Paid', 'di mi oi buing', '2dwadwadwa', 5, NULL, 210, 199, NULL, NULL, NULL),
(0, '2025-07-28 13:00:00', 'dwadwa', '2025-07-24 02:53:55', 3, 0, '', '2323', 'Paid', 'di mi oi buing', '2dwadwadwa', 5, NULL, 210, 195, NULL, NULL, NULL),
(0, '2025-08-07 13:00:00', 'dwadwa', '2025-07-24 03:04:01', 3, 0, '', '2323', 'Paid', 'di mi oi buing', '2dwadwadwa', 4, NULL, 210, 203, NULL, NULL, NULL),
(0, '2025-07-30 09:00:00', 'teast', '2025-07-24 03:14:50', 3, 0, '', '2323', 'Paid', 'di mi oi buing', '2dwadwadwa', 4, NULL, 210, 195, NULL, NULL, NULL),
(0, '2025-08-08 14:00:00', 'testing', '2025-07-24 04:46:21', 3, 0, '', '2323', 'Paid', 'di mi oi buing', '2dwadwadwa', 4, NULL, 210, 195, NULL, NULL, NULL),
(0, '2025-07-29 13:00:00', 'dwadwa', '2025-07-24 09:09:20', 3, 0, '', '2323', 'Paid', 'di mi oi buing', '2dwadwadwa', 4, NULL, 210, 195, NULL, NULL, NULL),
(0, '2025-08-01 11:00:00', 'test555', '2025-07-24 09:32:55', 3, 0, '', '2323', 'Paid', 'di mi oi buing', '2dwadwadwa', 4, NULL, 210, 195, NULL, NULL, NULL),
(0, '2025-09-04 14:00:00', 'testtest', '2025-07-24 10:29:28', 3, 0, '', '2323', 'Paid', 'di mi oi buing', '2dwadwadwa', 4, NULL, 210, 195, NULL, NULL, NULL),
(0, '2025-09-17 13:00:00', 'taetatetae', '2025-07-24 10:41:06', 3, 0, '', '2323', 'Paid', '', '2dwadwadwa', 4, NULL, 210, 195, NULL, NULL, NULL),
(0, '2025-09-24 13:00:00', 'complete customer', '2025-07-24 10:52:04', 3, 0, '', '2323', 'Paid', '', '2dwadwadwa', 4, NULL, 210, 195, NULL, NULL, NULL),
(0, '2025-09-22 14:00:00', 'testpermi', '2025-07-24 10:57:05', 3, 0, '', '2323', 'Paid', '', '2dwadwadwa', 4, NULL, 210, 195, NULL, NULL, NULL),
(0, '2025-10-08 15:00:00', 'test para sure', '2025-07-24 11:09:18', 3, 0, '', '2323', 'Paid', '', '2dwadwadwa', 4, NULL, 210, 195, NULL, NULL, NULL),
(0, '2025-08-07 09:00:00', 'test', '2025-07-24 16:39:02', 3, 0, '', '2323', 'Paid', '', '2dwadwadwa', 4, NULL, 210, 195, NULL, NULL, NULL),
(0, '2025-11-20 10:00:00', 'test', '2025-07-26 23:14:14', 3, 0, '', '2323', 'Paid', '', '2dwadwadwa', 4, NULL, 210, 195, NULL, NULL, NULL),
(0, '2025-08-11 15:00:00', 'test1', '2025-07-26 23:14:33', 3, 0, '', '2323', 'Paid', '', '2dwadwadwa', 5, NULL, 210, 195, NULL, NULL, NULL),
(0, '2025-08-04 15:00:00', 'testesttest', '2025-07-26 23:25:04', 3, 0, '', '2323', 'Paid', '', '2dwadwadwa', 4, NULL, 210, 195, NULL, NULL, NULL),
(0, '2025-09-05 14:00:00', 'ddwadwadwadwa', '2025-07-26 23:25:21', 3, 0, '', '2323', 'Paid', '', '2dwadwadwa', 4, NULL, 210, 195, NULL, NULL, NULL),
(407, '2025-08-25 15:00:00', 'dwadwadwa', '2025-07-26 23:37:18', 3, 5, 'testfeddbackifworks', '2322', 'Unpaid', '', 'dwadwadwadwadwa', 4, NULL, 210, 195, NULL, NULL, NULL),
(408, '2025-08-05 15:00:00', 'dwadwadwa', '2025-07-26 23:37:35', 3, 5, 'dwadwadwada', '23232', 'Paid', '', 'dwadawdwadawda', 5, NULL, 210, 195, NULL, NULL, NULL),
(409, '2025-09-08 09:00:00', 'testest', '2025-07-27 19:31:36', 3, 5, 'dwadwadwa', '23232', 'Unpaid', '', 'testestest', 4, NULL, 210, 195, NULL, NULL, NULL),
(410, '2025-09-02 14:00:00', 'testesttest', '2025-07-27 19:33:43', 3, 5, 'dwadawdwa', '4245', 'Paid', '', 'testestdwadwa', 5, NULL, 210, 195, NULL, NULL, NULL),
(411, '2025-09-12 14:00:00', 'dwadwadwada', '2025-07-27 19:35:07', 3, 5, 'dwadwadwa', '2322', 'Unpaid', '', 'dwadawdwadwadwa', 4, NULL, 210, 195, NULL, NULL, NULL),
(412, '2025-09-11 14:00:00', 'dwadwadwa', '2025-07-27 19:36:41', 3, 5, 'testing feedback please work', '2222', 'Paid', '', 'testing feedback if works', 5, NULL, 210, 195, NULL, NULL, NULL),
(413, '2025-09-01 15:00:00', 'test12121', '2025-07-27 19:37:50', 3, 5, 'dwadw', '23232', 'Paid', '', 'dwadwadwadwadwa', 4, NULL, 210, 195, NULL, NULL, NULL),
(414, '2025-08-21 09:00:00', 'test sa cancel', '2025-07-27 20:32:53', 10, 0, '', '', 'Unpaid', '', '', 4, NULL, 210, 195, NULL, NULL, NULL),
(415, '2025-11-19 14:00:00', 'dwadwa', '2025-07-30 21:00:02', 3, 5, 'testing feedback', '2322', 'Unpaid', '', 'dwadwadwadwadwa', 5, NULL, 210, 195, NULL, NULL, NULL),
(416, '2025-09-03 14:00:00', 'testing feedback', '2025-07-30 21:14:23', 3, 5, 'testing again please do work now', '1111', 'Paid', '', 'testing feedback again if it works', 5, NULL, 210, 195, NULL, NULL, NULL),
(417, '2025-08-13 13:00:00', 'testing feedback oncem ore', '2025-07-30 21:14:41', 3, 4, 'Testing Feedback as Intended (2)', '2323', 'Paid', '', 'testing feedback as intended', 5, NULL, 210, 195, NULL, NULL, NULL),
(418, '2025-08-15 13:00:00', 'testing for smooth process.', '2025-07-30 21:56:01', 3, 1, 'Mic Test ew', '23232', 'Paid', '', 'dwadwadwadwadwa', 5, NULL, 210, 195, NULL, NULL, NULL),
(419, '2025-08-08 08:00:00', 'dwadwadwa', '2025-07-31 18:31:50', 1, 0, '', '', 'Unpaid', '', '', 4, NULL, 210, 196, NULL, NULL, NULL),
(420, '2025-08-01 13:00:00', 'dwadawdwa', '2025-07-31 18:35:31', 1, 0, '', '', 'Unpaid', '', '', 4, NULL, 210, 196, NULL, NULL, NULL),
(421, '2025-08-05 15:00:00', 'testing if Freezers ang Appliances Type', '2025-07-31 18:43:36', 1, 0, '', '', 'Unpaid', '', '', 5, NULL, 210, 196, NULL, NULL, NULL),
(422, '2025-08-06 15:00:00', 'Maintenance Electrical', '2025-07-31 18:56:23', 4, 0, '', '', 'Unpaid', 'awdwadwa', '', 5, NULL, 210, 196, NULL, NULL, NULL),
(423, '2025-08-05 13:00:00', 'noys', '2025-07-31 19:06:52', 4, 0, '', '', 'Unpaid', 'dwadwadwa', '', 8, NULL, 210, 197, NULL, NULL, NULL),
(424, '2025-08-28 16:00:00', 'appType - test', '2025-07-31 19:30:38', 1, 0, '', '', 'Unpaid', '', '', 9, NULL, 210, 196, NULL, NULL, NULL),
(425, '2025-08-08 08:00:00', 'appType - test', '2025-07-31 19:42:12', 1, 0, '', '', 'Unpaid', '', '', 9, 5, 210, 197, NULL, NULL, NULL),
(426, '2025-08-01 08:00:00', 'Maintenance - Electrical Systems', '2025-07-31 19:44:11', 1, 0, '', '', 'Unpaid', '', '', 5, 16, 210, 197, NULL, NULL, NULL),
(427, '2025-08-07 14:00:00', 'Cooler', '2025-07-31 20:00:46', 1, 0, '', '', 'Unpaid', '', '', 4, 17, 210, 196, NULL, NULL, NULL),
(428, '2025-08-07 09:00:00', 'Perepair - appl', '2025-07-31 20:08:29', 1, 0, '', '', 'Unpaid', '', '', 8, 20, 210, 197, NULL, NULL, NULL),
(429, '2025-08-04 09:00:00', 'Maintenance - Freezers', '2025-07-31 20:27:37', 1, 0, '', '', 'Unpaid', '', '', 5, 15, 210, 197, NULL, NULL, NULL),
(430, '2025-08-08 15:00:00', 'test notifications', '2025-07-31 21:26:27', 4, 0, '', '', 'Unpaid', 'dawwwwwwwwwwwwwwwwww', '', 5, 16, 210, 198, NULL, NULL, NULL),
(431, '2025-08-05 14:00:00', 'dwadwadwa', '2025-07-31 22:16:26', 1, 0, '', '', 'Unpaid', '', '', 5, 13, 210, 198, NULL, NULL, NULL),
(432, '2025-08-06 09:00:00', 'dwadwadawdwa', '2025-07-31 22:26:44', 3, 0, '', '212121', 'Unpaid', '', 'dwadwadwadwadwadwadwa', 5, 15, 210, 197, NULL, NULL, '2025-08-04 19:15:31'),
(433, '2025-08-08 14:00:00', 'dwadawdwa', '2025-07-31 22:32:14', 4, 0, '', '', 'Unpaid', 'dwadadwa', '', 8, 20, 210, 200, NULL, NULL, NULL),
(434, '2025-11-17 10:00:00', 'test invoice', '2025-08-01 14:41:08', 3, 0, '', '2322', 'Paid', '', 'Testing if ugma (08-02-25 : 2:42 PM) overdue nanis invoice', 9, 22, 210, 195, NULL, NULL, NULL),
(435, '2025-08-27 14:00:00', 'Repair - Coolers', '2025-08-01 18:00:08', 1, 0, '', '', 'Unpaid', '', '', 4, 17, 210, 195, NULL, NULL, NULL),
(436, '2025-08-15 14:00:00', 'two technicians', '2025-08-01 18:37:18', 4, 0, '', '', 'Unpaid', 'dwadwadwa', '', 4, 17, 210, 0, NULL, NULL, NULL),
(437, '2025-09-30 14:00:00', 'test two technicians', '2025-08-01 18:47:38', 1, 0, '', '', 'Unpaid', '', '', 4, 17, 210, 0, NULL, NULL, NULL),
(438, '2025-08-14 15:00:00', 'Two Technicians chosen - Alexlee Derla and Arnel Derla', '2025-08-01 20:26:49', 3, 0, '', '2232', 'Paid', '', 'testing two technicians', 4, 17, 210, 195, 196, NULL, NULL),
(439, '2025-08-18 10:00:00', 'Alex and Arnel', '2025-08-01 20:47:00', 4, 0, '', '', 'Unpaid', 'nganong duha?', '', 5, 13, 210, 195, 196, NULL, NULL),
(440, '2025-08-29 09:00:00', 'testing sa edit lng ha (edited)', '2025-08-01 20:54:16', 1, 0, '', '', 'Unpaid', '', '', 5, NULL, 210, 197, 196, NULL, NULL),
(441, '2025-10-10 08:00:00', 'testing the edit for pre-selection', '2025-08-01 22:47:19', 4, 0, '', '', 'Unpaid', 'dawdawdawdwa', '', 4, 17, 210, 195, 200, NULL, NULL),
(442, '2025-08-14 09:00:00', 'justification?', '2025-08-01 23:12:20', 10, 0, '', '', 'Unpaid', '', '', 4, 16, 210, 196, 198, 'Bad Customer Experience last time', NULL),
(443, '2025-08-08 15:00:00', 'dwadwa', '2025-08-01 23:38:02', 1, 0, '', '', 'Unpaid', '', '', 4, 17, 210, 199, 203, NULL, NULL),
(444, '2025-08-06 08:00:00', 'dwadwa', '2025-08-01 23:38:40', 4, 0, '', '', 'Unpaid', 'dwadadawdwa', '', 4, NULL, 210, 199, 197, NULL, NULL),
(445, '2025-08-22 14:00:00', 'testing justification sa edit', '2025-08-02 18:06:49', 3, 0, '', '5500', 'Paid', '', 'taedwadawdawdawdwadwa', 4, 17, 210, 195, 197, 'naglhi ko kay para nays', '2025-08-04 19:14:56'),
(446, '2025-09-05 10:00:00', 'testing lng po', '2025-08-02 18:23:40', 3, 0, '', '542', 'Paid', '', 'Supposedly ma himo nig Overdue August 3, 2025 on 6:36 PM', 4, 17, 210, 196, 195, 'testing lng bro', NULL),
(447, '2025-08-28 10:00:00', 'testing', '2025-08-02 18:42:28', 3, 0, '', '500', 'Unpaid', '', 'dadwadadawdwada', 4, 17, 210, 195, 203, NULL, '2025-08-04 18:47:08'),
(448, '2025-08-07 10:00:00', 'notif', '2025-08-02 19:15:35', 1, 0, '', '', 'Unpaid', '', '', 4, NULL, 210, 198, 199, NULL, NULL),
(449, '2025-11-20 10:00:00', 'dwadwadaw', '2025-08-02 19:21:53', 3, 5, 'dawdwadwa', '500', 'Unpaid', '', 'dwadawdadadwada', 4, 17, 210, 196, 203, NULL, NULL),
(450, '2025-08-28 14:00:00', 'dawdawdwa', '2025-08-02 19:22:49', 1, 0, '', '', 'Unpaid', '', '', 4, 17, 210, 198, 201, NULL, NULL),
(451, '2025-08-22 15:00:00', 'dawdwadwa', '2025-08-02 19:25:31', 10, 0, '', '', 'Unpaid', '', '', 4, 17, 210, 198, 203, NULL, NULL),
(452, '2025-08-27 14:00:00', 'dwadwadwa', '2025-08-02 19:28:13', 10, 0, '', '', 'Unpaid', '', '', 4, 16, 210, 198, 203, NULL, NULL),
(453, '2025-08-25 13:00:00', 'dwadawdwa', '2025-08-03 16:36:18', 1, 0, '', '', 'Unpaid', '', '', 4, 17, 210, 196, 203, NULL, NULL),
(454, '2025-08-06 11:00:00', 'dwadwadwa', '2025-08-04 18:48:36', 3, 0, '', '500', 'Paid', '', 'adwadawdawdwa', 4, 17, 210, 195, 197, NULL, '2025-08-04 18:49:16'),
(455, '2025-12-29 08:00:00', 'testing the completed', '2025-08-04 18:51:04', 3, 0, '', '650', 'Paid', '', 'testing completed appointments', 4, 17, 210, 195, 196, NULL, '2025-08-04 18:51:57'),
(456, '2026-01-01 13:00:00', 'testing new availability conditions', '2025-08-04 19:00:20', 3, 0, '', '750', 'Paid', '', 'testing new availability conditions', 4, 17, 210, 195, 196, NULL, '2025-08-04 19:00:53'),
(457, '2026-01-02 09:00:00', 'testing new condition for technician availability', '2025-08-04 19:02:46', 3, 0, '', '2222', 'Paid', '', 'dwadwadwadawdawdwadw', 5, 16, 210, 195, 196, NULL, '2025-08-04 19:33:13'),
(458, '2026-01-02 11:00:00', 'testing', '2025-08-04 19:33:47', 3, 0, '', '500', 'Paid', '', 'adwadwadadwadawdadwa', 4, 17, 210, 228, 238, NULL, '2025-08-04 19:34:47'),
(459, '2025-08-14 14:00:00', 'dadwadwa', '2025-08-06 16:01:29', 4, 0, '', '', 'Unpaid', 'dwadwadwadwa', '', 5, 16, 210, 201, 228, NULL, NULL),
(460, '2025-08-15 14:00:00', 'testing as intended', '2025-08-06 19:25:35', 3, 5, 'test', '600', 'Paid', '', 'dawdawdadwadawdwadwadaw', 4, 16, 239, 228, 201, NULL, '2025-08-06 19:39:42'),
(461, '2025-08-14 15:00:00', 'dwadawdwadwa', '2025-08-08 18:47:45', 3, 0, '', '232', 'Paid', '', 'dwadwadwadwadwadwa', 4, 17, 210, 201, 228, NULL, '2025-08-08 19:05:11'),
(462, '2025-08-13 09:00:00', 'dwadwadawdawdwadawdwa', '2025-08-08 19:05:54', 4, 0, '', '21321', 'Paid', 'testing sa mobile view', 'dwadwadwada', 4, 17, 210, 201, 228, NULL, '2025-08-08 19:06:32'),
(463, '2025-08-14 15:00:00', 'testing mobil', '2025-08-08 19:15:53', 1, 0, '', '', 'Unpaid', '', '', 4, 17, 210, 228, 201, NULL, NULL),
(464, '2025-08-14 14:00:00', 'dawdadwadwa', '2025-08-08 19:16:36', 4, 0, '', '', 'Unpaid', 'dawdwadwadwa', '', 4, 16, 239, 238, NULL, NULL, NULL),
(465, '2025-08-13 14:00:00', 'dwadadwadawwa', '2025-08-08 19:17:12', 4, 0, '', '', 'Unpaid', 'dwadadaw', '', 4, 16, 239, 201, 228, NULL, NULL),
(466, '2025-08-13 14:00:00', 'dwadawdwadwadwa', '2025-08-08 20:04:43', 1, 0, '', '', 'Unpaid', '', '', 4, 16, 239, 201, 228, NULL, NULL),
(467, '2025-08-12 14:00:00', 'dwadawdwadawdwa', '2025-08-08 20:42:37', 4, 0, '', '', 'Unpaid', 'dwadawdwa', '', 4, 16, 239, 201, 228, NULL, NULL),
(468, '2025-08-13 14:00:00', 'dwadawdwa', '2025-08-11 20:06:44', 1, 0, '', '', 'Unpaid', '', '', 4, 16, 239, 238, 241, NULL, NULL),
(469, '2025-08-22 14:00:00', 'dwadwadwa', '2025-08-21 13:49:19', 1, 0, '', '', 'Unpaid', '', '', 4, 17, 210, 242, 252, NULL, NULL),
(470, '2025-08-27 15:00:00', 'dwadwadwa', '2025-08-22 13:16:05', 10, 0, '', '', 'Unpaid', '', '', 4, 17, 210, 250, 253, NULL, NULL),
(471, '2025-09-04 14:00:00', 'dwadadadwa', '2025-08-22 13:46:21', 10, 0, '', '', 'Unpaid', '', '', 4, 18, 210, 249, 250, NULL, NULL),
(472, '2025-08-29 08:00:00', 'dwadwadwa', '2025-08-22 13:46:54', 3, 5, 'dwadwadwadwa', '231', 'Paid', '', 'dwdwadwadawdwadawdwadwadwadwa', 4, 17, 210, 251, 253, NULL, '2025-08-22 13:47:48'),
(473, '2025-09-03 11:00:00', 'dwadwadwadwa', '2025-08-22 13:53:44', 3, 5, 'testing opaw jia', '2312', 'Paid', '', 'dwadwadawdadawdwadawdwa', 5, 15, 210, 251, 253, NULL, '2025-08-22 13:54:07'),
(474, '2025-08-27 15:00:00', 'dwadwadwa', '2025-08-22 14:03:19', 10, 0, '', '', 'Unpaid', '', '', 4, 17, 210, 251, 249, NULL, NULL),
(475, '2025-08-27 08:00:00', 'dawdwadwa', '2025-08-22 14:04:43', 10, 0, '', '', 'Unpaid', '', '', 5, 15, 210, 251, 249, NULL, NULL),
(476, '2025-08-28 14:00:00', 'awdawdwa', '2025-08-24 16:40:20', 10, 0, '', '', 'Unpaid', '', '', 4, 17, 210, 251, 249, NULL, NULL),
(477, '2025-09-03 11:00:00', 'test', '2025-08-28 17:32:43', 3, 0, '', '500', 'Paid', '', 'testing kay jia opaw niggas', 4, 17, 210, 251, 253, NULL, '2025-08-28 17:56:03'),
(478, '2025-09-04 14:00:00', 'test', '2025-08-31 17:11:52', 10, 0, '', '', 'Unpaid', '', '', 4, 17, 210, 251, NULL, NULL, NULL),
(479, '2025-09-04 14:00:00', 'tetest', '2025-08-31 18:07:03', 3, 0, '', '500', 'Paid', '', 'taeteatateateateateataeteateata', 4, 16, 239, 251, 253, NULL, '2025-08-31 18:07:51'),
(480, '2025-09-03 09:00:00', '', '2025-08-31 20:25:52', 10, 0, '', '', 'Unpaid', '', '', 5, NULL, 210, 251, NULL, NULL, NULL),
(481, '2025-09-03 14:00:00', 'test', '2025-08-31 20:28:55', 2, 0, '', '', 'Unpaid', '', '', 4, 16, 210, 251, 249, NULL, NULL),
(482, '2025-10-06 08:00:00', '', '2025-08-31 20:34:56', 10, 0, '', '', 'Unpaid', '', '', 4, 17, 210, 249, 251, NULL, NULL),
(483, '2025-09-04 14:00:00', 'testest', '2025-08-31 20:51:51', 3, 0, '', '5555', 'Unpaid', '', 'dwdawdawdawdwaaaaaaaaaaaaaaaaaaaaaaaaaaaaaaaaaaaa', 5, 15, 239, 251, 249, NULL, '2025-08-31 20:53:24'),
(484, '2025-09-02 15:00:00', 'dwadwadwadawdwa', '2025-08-31 20:54:02', 3, 0, '', '500', 'Unpaid', '', 'dwadawdwadawdwadadawdwadwadwa', 4, 17, 239, 251, 249, NULL, '2025-08-31 20:54:33'),
(485, '2025-09-02 11:00:00', 'dwadwadwadawdwadwa', '2025-08-31 20:55:15', 3, 0, '', '5555', 'Unpaid', '', 'dwadwadwadwadw', 5, 15, 239, 251, 253, NULL, '2025-08-31 20:55:44'),
(486, '2025-09-18 14:00:00', 'testestesting', '2025-09-07 18:16:22', 3, 0, '', '800', 'Unpaid', '', 'dawdawdawdwadwadadwadwadadadwa', 4, 16, 239, 251, 249, NULL, '2025-09-07 18:17:29'),
(487, '2025-09-19 09:00:00', 'dwadwadawdwa', '2025-09-07 18:18:29', 3, 0, '', '5665', 'Unpaid', '', 'dwadwadwadddddddddddawdwadwa', 5, 15, 239, 251, 253, NULL, '2025-09-07 18:19:01'),
(488, '2025-09-11 09:00:00', 'testest', '2025-09-07 18:41:10', 3, 0, '', '500', 'Paid', '', 'dwadddddddddddddddddddddddddddddddddddddddd', 4, 16, 239, 251, 253, NULL, '2025-09-07 18:41:35'),
(489, '2025-09-17 15:00:00', 'tetetetetetest', '2025-09-07 18:52:42', 10, 0, '', '', 'Unpaid', '', '', 4, 16, 239, 251, 253, NULL, NULL),
(490, '2025-09-16 13:00:00', 'dwadawdwadwa', '2025-09-07 18:56:15', 10, 0, '', '', 'Unpaid', '', '', 4, 16, 239, 251, 249, NULL, NULL),
(491, '2025-09-18 14:00:00', 'testing sa address', '2025-09-07 19:26:33', 3, 0, '', '500', 'Paid', '', 'dadadwadwadadwadadwadadadwdwa', 4, 16, 239, 251, 253, NULL, '2025-09-07 19:28:41');

-- --------------------------------------------------------

--
-- Table structure for table `appointment_status`
--

CREATE TABLE `appointment_status` (
  `app_status_id` int(11) NOT NULL,
  `app_status_name` varchar(255) NOT NULL
) ENGINE=InnoDB DEFAULT CHARSET=utf8mb4 COLLATE=utf8mb4_general_ci;

--
-- Dumping data for table `appointment_status`
--

INSERT INTO `appointment_status` (`app_status_id`, `app_status_name`) VALUES
(1, 'Approved'),
(2, 'Pending'),
(3, 'Completed'),
(4, 'Declined'),
(5, 'In Progress'),
(6, 'To Rate'),
(9, 'Pending Payment'),
(10, 'Cancelled');

-- --------------------------------------------------------

--
-- Table structure for table `appointment_transaction_address`
--

CREATE TABLE `appointment_transaction_address` (
  `transaction_address_id` int(11) NOT NULL,
  `app_id` int(11) NOT NULL,
  `user_id` int(11) NOT NULL,
  `municipality_city` varchar(255) DEFAULT NULL,
  `province` varchar(255) DEFAULT NULL,
  `barangay` varchar(255) DEFAULT NULL,
  `zip_code` varchar(20) DEFAULT NULL,
  `full_address` text DEFAULT NULL,
  `captured_at` timestamp NOT NULL DEFAULT current_timestamp(),
  `created_by` int(11) DEFAULT NULL COMMENT 'ID of user who completed the appointment'
) ENGINE=InnoDB DEFAULT CHARSET=utf8mb4 COLLATE=utf8mb4_general_ci;

--
-- Dumping data for table `appointment_transaction_address`
--

INSERT INTO `appointment_transaction_address` (`transaction_address_id`, `app_id`, `user_id`, `municipality_city`, `province`, `barangay`, `zip_code`, `full_address`, `captured_at`, `created_by`) VALUES
(1, 488, 239, 'Panabo City', 'Davao del Norte', 'Bobongon', '8105', 'Purok 4-A', '2025-09-07 10:41:10', 239),
(2, 489, 239, 'Carmen', 'Davao del Norte', 'Bobongon', '8101', 'Purok 4-A', '2025-09-07 10:52:42', 239),
(3, 490, 239, 'Panabo City', 'Davao del Norte', 'Bobongon', '8105', 'Purok 4-A', '2025-09-07 10:56:15', 239),
(4, 491, 239, 'Tagum City', 'Davao del Norte', 'Bobongon', '8100', 'Purok 4-A', '2025-09-07 11:26:33', 239);

-- --------------------------------------------------------

--
-- Table structure for table `invoice`
--

CREATE TABLE `invoice` (
  `invoice_id` int(11) NOT NULL,
  `app_id` int(11) NOT NULL,
  `invoice_date` datetime NOT NULL DEFAULT current_timestamp(),
  `total_amount` varchar(255) NOT NULL,
  `payment_date` datetime DEFAULT NULL,
  `status` enum('Paid','Overdue') DEFAULT NULL
) ENGINE=InnoDB DEFAULT CHARSET=utf8mb4 COLLATE=utf8mb4_general_ci;

-- --------------------------------------------------------

--
-- Table structure for table `notification`
--

CREATE TABLE `notification` (
  `notification_id` int(11) NOT NULL,
  `event_type` enum('user_registered','user_added','user_edited','user_deleted','appointment_created','appointment_rebooked','appointment_status_changed','payment_status_changed','invoice_overdue') NOT NULL,
  `event_description` text NOT NULL,
  `target_user_id` int(11) DEFAULT NULL,
  `actor_user_id` int(11) DEFAULT NULL,
  `related_appointment_id` int(11) DEFAULT NULL,
  `related_invoice_id` int(11) DEFAULT NULL,
  `old_status` varchar(50) DEFAULT NULL,
  `new_status` varchar(50) DEFAULT NULL,
  `additional_data` text DEFAULT NULL,
  `is_read` tinyint(1) DEFAULT 0,
  `is_system_notification` tinyint(1) DEFAULT 0,
  `priority` enum('low','medium','high','urgent') DEFAULT 'medium',
  `created_at` timestamp NOT NULL DEFAULT current_timestamp(),
  `read_at` timestamp NULL DEFAULT NULL
) ENGINE=InnoDB DEFAULT CHARSET=utf8mb4 COLLATE=utf8mb4_general_ci;

--
-- Dumping data for table `notification`
--

INSERT INTO `notification` (`notification_id`, `event_type`, `event_description`, `target_user_id`, `actor_user_id`, `related_appointment_id`, `related_invoice_id`, `old_status`, `new_status`, `additional_data`, `is_read`, `is_system_notification`, `priority`, `created_at`, `read_at`) VALUES
(1, 'appointment_created', 'Customer Anna A Maslog created a new appointment - Service: Repair, Date: 2025-08-07T10:00:00+08:00', 1, 210, 448, NULL, NULL, NULL, '{\"service_type\":\"Repair\",\"schedule\":\"2025-08-07T10:00:00+08:00\",\"customer_id\":\"210\",\"technician_name\":\"Jayr Lemindog\"}', 1, 0, 'medium', '2025-08-02 11:15:35', '2025-08-03 09:05:36'),
(2, 'appointment_created', 'Customer Anna A Maslog created a new appointment - Service: Repair, Date: 2025-08-07T10:00:00+08:00', 193, 210, 448, NULL, NULL, NULL, '{\"service_type\":\"Repair\",\"schedule\":\"2025-08-07T10:00:00+08:00\",\"customer_id\":\"210\",\"technician_name\":\"Jayr Lemindog\"}', 1, 0, 'medium', '2025-08-02 11:15:35', '2025-08-03 09:08:23'),
(3, 'appointment_status_changed', 'staff Julivel  Derla changed appointment status from Approved to Accepted for customer Anna A Maslog', 1, 194, 447, NULL, 'Approved', 'Accepted', '{\"customer_id\":210}', 1, 0, 'high', '2025-08-02 11:18:54', '2025-08-03 09:05:36'),
(4, 'appointment_status_changed', 'staff Julivel  Derla changed appointment status from Approved to Accepted for customer Anna A Maslog', 193, 194, 447, NULL, 'Approved', 'Accepted', '{\"customer_id\":210}', 1, 0, 'high', '2025-08-02 11:18:54', '2025-08-03 09:08:23'),
(5, 'appointment_status_changed', 'staff Julivel  Derla changed appointment status from Accepted to Accepted for customer Anna A Maslog', 1, 194, 447, NULL, 'Accepted', 'Accepted', '{\"customer_id\":210}', 1, 0, 'high', '2025-08-02 11:18:56', '2025-08-03 09:05:36'),
(6, 'appointment_status_changed', 'staff Julivel  Derla changed appointment status from Accepted to Accepted for customer Anna A Maslog', 193, 194, 447, NULL, 'Accepted', 'Accepted', '{\"customer_id\":210}', 1, 0, 'high', '2025-08-02 11:18:56', '2025-08-03 09:08:23'),
(7, 'appointment_status_changed', 'administrator admin   changed appointment status from Approved to Accepted for customer Anna A Maslog', 1, 1, 445, NULL, 'Approved', 'Accepted', '{\"customer_id\":210}', 1, 0, 'high', '2025-08-02 11:19:14', '2025-08-03 09:05:36'),
(8, 'appointment_status_changed', 'administrator admin   changed appointment status from Approved to Accepted for customer Anna A Maslog', 193, 1, 445, NULL, 'Approved', 'Accepted', '{\"customer_id\":210}', 1, 0, 'high', '2025-08-02 11:19:14', '2025-08-03 09:08:23'),
(9, 'appointment_status_changed', 'Appointment #451 for Anna A Maslog (Repair) status changed from Pending to Cancelled', NULL, 210, 451, NULL, 'Pending', 'Cancelled', '{\"appointment_id\":\"451\",\"customer_name\":\"Anna A Maslog\",\"service_type\":\"Repair\",\"old_status\":\"Pending\",\"new_status\":\"Cancelled\"}', 1, 0, 'medium', '2025-08-03 07:51:57', '2025-08-03 09:05:36'),
(10, 'appointment_status_changed', 'Appointment #452 for Anna A Maslog (Repair) status changed from Pending to Cancelled', NULL, 210, 452, NULL, 'Pending', 'Cancelled', '{\"appointment_id\":\"452\",\"customer_name\":\"Anna A Maslog\",\"service_type\":\"Repair\",\"old_status\":\"Pending\",\"new_status\":\"Cancelled\"}', 1, 0, 'medium', '2025-08-03 08:11:30', '2025-08-03 09:05:36'),
(11, 'appointment_status_changed', 'Appointment #444 for Anna A Maslog (Repair) status changed from Pending to Declined', NULL, 1, 444, NULL, 'Pending', 'Declined', '{\"appointment_id\":\"444\",\"customer_name\":\"Anna A Maslog\",\"service_type\":\"Repair\",\"old_status\":\"Pending\",\"new_status\":\"Declined\",\"action_type\":\"decline\",\"justification\":\"dwadadawdwa\"}', 1, 0, 'medium', '2025-08-03 08:18:53', '2025-08-03 09:05:36'),
(12, 'appointment_status_changed', 'Appointment #443 for Anna A Maslog (Repair) status changed from Pending to Approved', NULL, 1, 443, NULL, 'Pending', 'Approved', '{\"appointment_id\":\"443\",\"customer_name\":\"Anna A Maslog\",\"service_type\":\"Repair\",\"old_status\":\"Pending\",\"new_status\":\"Approved\",\"action_type\":\"accept\"}', 1, 0, 'medium', '2025-08-03 08:22:47', '2025-08-03 09:05:36'),
(13, 'appointment_status_changed', 'Your Repair appointment status has been updated to Approved', 210, 1, 443, NULL, 'Pending', 'Approved', '{\"appointment_id\":\"443\",\"service_type\":\"Repair\",\"new_status\":\"Approved\",\"appointment_schedule\":\"2025-08-08 15:00:00\",\"customer_facing\":true,\"action_type\":\"accept\"}', 1, 0, 'high', '2025-08-03 08:22:47', '2025-08-03 09:12:57'),
(14, 'appointment_status_changed', 'Appointment #441 for Anna A Maslog (Repair) status changed from Pending to Declined', NULL, 1, 441, NULL, 'Pending', 'Declined', '{\"appointment_id\":\"441\",\"customer_name\":\"Anna A Maslog\",\"service_type\":\"Repair\",\"old_status\":\"Pending\",\"new_status\":\"Declined\",\"action_type\":\"decline\",\"justification\":\"dawdawdawdwa\"}', 1, 0, 'medium', '2025-08-03 08:23:06', '2025-08-03 09:05:36'),
(15, 'appointment_status_changed', 'Your Repair appointment status has been updated to Declined. Reason: dawdawdawdwa', 210, 1, 441, NULL, 'Pending', 'Declined', '{\"appointment_id\":\"441\",\"service_type\":\"Repair\",\"new_status\":\"Declined\",\"appointment_schedule\":\"2025-10-10 08:00:00\",\"customer_facing\":true,\"action_type\":\"decline\",\"justification\":\"dawdawdawdwa\"}', 1, 0, 'high', '2025-08-03 08:23:06', '2025-08-03 09:12:57'),
(16, 'appointment_status_changed', 'Appointment #446 for Anna A Maslog (Repair) status changed from Unpaid to Paid', NULL, 1, 446, NULL, 'Unpaid', 'Paid', '{\"appointment_id\":\"446\",\"customer_name\":\"Anna A Maslog\",\"service_type\":\"Repair\",\"old_status\":\"Unpaid\",\"new_status\":\"Paid\",\"action_type\":\"payment_update\"}', 1, 0, 'medium', '2025-08-03 08:27:10', '2025-08-03 09:05:36'),
(17, 'payment_status_changed', 'Payment received for your Repair appointment. Amount: $542.00', 210, 1, 446, NULL, 'Unpaid', 'Paid', '{\"appointment_id\":\"446\",\"service_type\":\"Repair\",\"payment_amount\":\"542\",\"old_payment_status\":\"Unpaid\",\"new_payment_status\":\"Paid\",\"appointment_schedule\":\"2025-09-05 10:00:00\",\"customer_facing\":true,\"action_type\":\"payment_update\"}', 1, 0, 'high', '2025-08-03 08:27:10', '2025-08-03 09:12:57'),
(18, 'appointment_status_changed', 'Appointment #434 for Anna A Maslog (appType) status changed from Unpaid to Paid', NULL, 1, 434, NULL, 'Unpaid', 'Paid', '{\"appointment_id\":\"434\",\"customer_name\":\"Anna A Maslog\",\"service_type\":\"appType\",\"old_status\":\"Unpaid\",\"new_status\":\"Paid\",\"action_type\":\"payment_update\"}', 1, 0, 'medium', '2025-08-03 08:29:03', '2025-08-03 09:05:36'),
(19, 'payment_status_changed', 'Payment received for your appType appointment. Amount: ₱2,322.00', 210, 1, 434, NULL, 'Unpaid', 'Paid', '{\"appointment_id\":\"434\",\"service_type\":\"appType\",\"payment_amount\":\"2322\",\"old_payment_status\":\"Unpaid\",\"new_payment_status\":\"Paid\",\"appointment_schedule\":\"2025-11-17 10:00:00\",\"customer_facing\":true,\"action_type\":\"payment_update\"}', 1, 0, 'high', '2025-08-03 08:29:03', '2025-08-03 09:12:57'),
(20, 'appointment_status_changed', 'Appointment #449 for Anna A Maslog (Repair) status changed from Pending to In Progress', NULL, 196, 449, NULL, 'Pending', 'In Progress', '{\"appointment_id\":\"449\",\"customer_name\":\"Anna A Maslog\",\"service_type\":\"Repair\",\"old_status\":\"Pending\",\"new_status\":\"In Progress\",\"action_type\":\"inprogress\"}', 1, 0, 'medium', '2025-08-03 08:29:27', '2025-08-03 09:05:36'),
(21, 'appointment_status_changed', 'Your Repair appointment status has been updated to In Progress', 210, 196, 449, NULL, 'Pending', 'In Progress', '{\"appointment_id\":\"449\",\"service_type\":\"Repair\",\"new_status\":\"In Progress\",\"appointment_schedule\":\"2025-11-20 10:00:00\",\"customer_facing\":true,\"action_type\":\"inprogress\"}', 1, 0, 'high', '2025-08-03 08:29:27', '2025-08-03 09:12:57'),
(22, 'appointment_status_changed', 'Appointment #449 for Anna A Maslog (Repair) status changed from In Progress to Completed', NULL, 196, 449, NULL, 'In Progress', 'Completed', '{\"appointment_id\":\"449\",\"customer_name\":\"Anna A Maslog\",\"service_type\":\"Repair\",\"old_status\":\"In Progress\",\"new_status\":\"Completed\",\"action_type\":\"complete\",\"price\":\"500\",\"justification\":\"dwadawdadadwada\"}', 1, 0, 'medium', '2025-08-03 08:29:45', '2025-08-03 09:05:36'),
(23, 'appointment_status_changed', 'Your Repair appointment status has been updated to Completed', 210, 196, 449, NULL, 'In Progress', 'Completed', '{\"appointment_id\":\"449\",\"service_type\":\"Repair\",\"new_status\":\"Completed\",\"appointment_schedule\":\"2025-11-20 10:00:00\",\"customer_facing\":true,\"action_type\":\"complete\",\"price\":\"500\",\"justification\":\"dwadawdadadwada\"}', 1, 0, 'high', '2025-08-03 08:29:45', '2025-08-03 09:12:57'),
(24, 'appointment_created', 'Customer Anna A Maslog created a new appointment - Service: Repair, Date: August 25, 2025 at 1:00 PM', NULL, 210, 453, NULL, NULL, NULL, '{\"service_type\":\"Repair\",\"schedule\":\"2025-08-25 13:00:00\",\"customer_id\":\"210\",\"technician_name\":\"Arnel  Derla\",\"appointment_id\":\"453\"}', 1, 0, 'medium', '2025-08-03 08:36:18', '2025-08-03 09:05:36'),
(25, '', 'You have been assigned as Primary Technician for Repair service on Aug 25, 2025 1:00 PM for customer Anna A Maslog', 196, 210, 453, NULL, NULL, NULL, '{\"appointment_id\":\"453\",\"customer_name\":\"Anna A Maslog\",\"service_type\":\"Repair\",\"appliance_type\":\"Coolers\",\"appointment_schedule\":\"2025-08-25 13:00:00\",\"technician_role\":\"primary\",\"technician_facing\":true,\"appointment_type\":\"new\"}', 1, 0, 'high', '2025-08-03 08:36:18', '2025-08-03 09:17:28'),
(26, '', 'You have been assigned as Secondary Technician for Repair service on Aug 25, 2025 1:00 PM for customer Anna A Maslog', 203, 210, 453, NULL, NULL, NULL, '{\"appointment_id\":\"453\",\"customer_name\":\"Anna A Maslog\",\"service_type\":\"Repair\",\"appliance_type\":\"Coolers\",\"appointment_schedule\":\"2025-08-25 13:00:00\",\"technician_role\":\"secondary\",\"technician_facing\":true,\"appointment_type\":\"new\"}', 1, 0, 'high', '2025-08-03 08:36:18', '2025-08-03 10:01:12'),
(27, 'appointment_status_changed', 'Appointment #453 for Anna A Maslog (Repair) status changed from Pending to Approved', NULL, 1, 453, NULL, 'Pending', 'Approved', '{\"appointment_id\":\"453\",\"customer_name\":\"Anna A Maslog\",\"service_type\":\"Repair\",\"old_status\":\"Pending\",\"new_status\":\"Approved\",\"action_type\":\"accept\"}', 1, 0, 'medium', '2025-08-03 08:36:30', '2025-08-03 09:05:36'),
(28, 'appointment_status_changed', 'Your Repair appointment status has been updated to Approved', 210, 1, 453, NULL, 'Pending', 'Approved', '{\"appointment_id\":\"453\",\"service_type\":\"Repair\",\"new_status\":\"Approved\",\"appointment_schedule\":\"2025-08-25 13:00:00\",\"customer_facing\":true,\"action_type\":\"accept\"}', 1, 0, 'high', '2025-08-03 08:36:30', '2025-08-03 09:12:57'),
(29, 'appointment_status_changed', 'Appointment #437 for Anna A Maslog (Repair) status changed from Pending to Approved', NULL, 1, 437, NULL, 'Pending', 'Approved', '{\"appointment_id\":\"437\",\"customer_name\":\"Anna A Maslog\",\"service_type\":\"Repair\",\"old_status\":\"Pending\",\"new_status\":\"Approved\",\"action_type\":\"accept\"}', 1, 0, 'medium', '2025-08-03 08:54:39', '2025-08-03 09:05:36'),
(30, 'appointment_status_changed', 'Your Repair appointment status has been updated to Approved', 210, 1, 437, NULL, 'Pending', 'Approved', '{\"appointment_id\":\"437\",\"service_type\":\"Repair\",\"new_status\":\"Approved\",\"appointment_schedule\":\"2025-09-30 14:00:00\",\"customer_facing\":true,\"action_type\":\"accept\"}', 1, 0, 'high', '2025-08-03 08:54:39', '2025-08-03 09:12:57'),
(31, 'appointment_status_changed', 'Appointment #420 for Anna A Maslog (Repair) status changed from Pending to Approved', NULL, 1, 420, NULL, 'Pending', 'Approved', '{\"appointment_id\":\"420\",\"customer_name\":\"Anna A Maslog\",\"service_type\":\"Repair\",\"old_status\":\"Pending\",\"new_status\":\"Approved\",\"action_type\":\"accept\"}', 1, 0, 'medium', '2025-08-03 08:55:32', '2025-08-03 09:05:36'),
(32, 'appointment_status_changed', 'Your Repair appointment status has been updated to Approved', 210, 1, 420, NULL, 'Pending', 'Approved', '{\"appointment_id\":\"420\",\"service_type\":\"Repair\",\"new_status\":\"Approved\",\"appointment_schedule\":\"2025-08-01 13:00:00\",\"customer_facing\":true,\"action_type\":\"accept\"}', 1, 0, 'high', '2025-08-03 08:55:32', '2025-08-03 09:12:57'),
(33, '', 'Your appointment for Repair service on Aug 1, 2025 1:00 PM has been ACCEPTED by admin/staff. You can now start working on this task.', 196, 1, 420, NULL, NULL, NULL, '{\"appointment_id\":\"420\",\"customer_name\":\"Anna A Maslog\",\"service_type\":\"Repair\",\"appliance_type\":\"Not Specified\",\"appointment_schedule\":\"2025-08-01 13:00:00\",\"technician_role\":\"primary\",\"technician_facing\":true,\"action_type\":\"accept\",\"partner_technician\":null,\"is_team_assignment\":false}', 1, 0, 'high', '2025-08-03 08:55:32', '2025-08-03 09:17:28'),
(34, 'appointment_status_changed', 'Appointment #447 for Anna A Maslog (Repair) status changed from Pending to In Progress', NULL, 195, 447, NULL, 'Pending', 'In Progress', '{\"appointment_id\":\"447\",\"customer_name\":\"Anna A Maslog\",\"service_type\":\"Repair\",\"old_status\":\"Pending\",\"new_status\":\"In Progress\",\"action_type\":\"inprogress\"}', 1, 0, 'medium', '2025-08-04 10:46:42', '2025-08-05 07:55:01'),
(35, 'appointment_status_changed', 'Your Repair appointment status has been updated to In Progress', 210, 195, 447, NULL, 'Pending', 'In Progress', '{\"appointment_id\":\"447\",\"service_type\":\"Repair\",\"new_status\":\"In Progress\",\"appointment_schedule\":\"2025-08-28 10:00:00\",\"customer_facing\":true,\"action_type\":\"inprogress\"}', 1, 0, 'high', '2025-08-04 10:46:42', '2025-08-05 07:55:07'),
(36, 'appointment_status_changed', 'Appointment #445 for Anna A Maslog (Repair) status changed from Pending to In Progress', NULL, 195, 445, NULL, 'Pending', 'In Progress', '{\"appointment_id\":\"445\",\"customer_name\":\"Anna A Maslog\",\"service_type\":\"Repair\",\"old_status\":\"Pending\",\"new_status\":\"In Progress\",\"action_type\":\"inprogress\"}', 1, 0, 'medium', '2025-08-04 10:46:46', '2025-08-05 07:55:01'),
(37, 'appointment_status_changed', 'Your Repair appointment status has been updated to In Progress', 210, 195, 445, NULL, 'Pending', 'In Progress', '{\"appointment_id\":\"445\",\"service_type\":\"Repair\",\"new_status\":\"In Progress\",\"appointment_schedule\":\"2025-08-22 14:00:00\",\"customer_facing\":true,\"action_type\":\"inprogress\"}', 1, 0, 'high', '2025-08-04 10:46:46', '2025-08-05 07:55:07'),
(38, 'appointment_status_changed', 'Appointment #447 for Anna A Maslog (Repair) status changed from In Progress to Completed', NULL, 195, 447, NULL, 'In Progress', 'Completed', '{\"appointment_id\":\"447\",\"customer_name\":\"Anna A Maslog\",\"service_type\":\"Repair\",\"old_status\":\"In Progress\",\"new_status\":\"Completed\",\"action_type\":\"complete\",\"price\":\"500\",\"justification\":\"dadwadadawdwada\"}', 1, 0, 'medium', '2025-08-04 10:47:08', '2025-08-05 07:55:01'),
(39, 'appointment_status_changed', 'Your Repair appointment status has been updated to Completed', 210, 195, 447, NULL, 'In Progress', 'Completed', '{\"appointment_id\":\"447\",\"service_type\":\"Repair\",\"new_status\":\"Completed\",\"appointment_schedule\":\"2025-08-28 10:00:00\",\"customer_facing\":true,\"action_type\":\"complete\",\"price\":\"500\",\"justification\":\"dadwadadawdwada\"}', 1, 0, 'high', '2025-08-04 10:47:08', '2025-08-05 07:55:07'),
(40, 'appointment_created', 'Customer Anna A Maslog created a new appointment - Service: Repair, Date: August 6, 2025 at 11:00 AM', NULL, 210, 454, NULL, NULL, NULL, '{\"service_type\":\"Repair\",\"schedule\":\"2025-08-06 11:00:00\",\"customer_id\":\"210\",\"technician_name\":\"Alexlee  Derla\",\"appointment_id\":\"454\"}', 1, 0, 'medium', '2025-08-04 10:48:36', '2025-08-05 07:55:01'),
(41, '', 'You have been assigned as Primary Technician for Repair service on Aug 6, 2025 11:00 AM for customer Anna A Maslog', 195, 210, 454, NULL, NULL, NULL, '{\"appointment_id\":\"454\",\"customer_name\":\"Anna A Maslog\",\"service_type\":\"Repair\",\"appliance_type\":\"Coolers\",\"appointment_schedule\":\"2025-08-06 11:00:00\",\"technician_role\":\"primary\",\"technician_facing\":true,\"appointment_type\":\"new\"}', 1, 0, 'high', '2025-08-04 10:48:36', '2025-08-14 03:08:07'),
(42, '', 'You have been assigned as Secondary Technician for Repair service on Aug 6, 2025 11:00 AM for customer Anna A Maslog', 197, 210, 454, NULL, NULL, NULL, '{\"appointment_id\":\"454\",\"customer_name\":\"Anna A Maslog\",\"service_type\":\"Repair\",\"appliance_type\":\"Coolers\",\"appointment_schedule\":\"2025-08-06 11:00:00\",\"technician_role\":\"secondary\",\"technician_facing\":true,\"appointment_type\":\"new\"}', 0, 0, 'high', '2025-08-04 10:48:36', NULL),
(43, 'appointment_status_changed', 'Appointment #454 for Anna A Maslog (Repair) status changed from Pending to Approved', NULL, 1, 454, NULL, 'Pending', 'Approved', '{\"appointment_id\":\"454\",\"customer_name\":\"Anna A Maslog\",\"service_type\":\"Repair\",\"old_status\":\"Pending\",\"new_status\":\"Approved\",\"action_type\":\"accept\"}', 1, 0, 'medium', '2025-08-04 10:48:44', '2025-08-05 07:55:01'),
(44, 'appointment_status_changed', 'Your Repair appointment status has been updated to Approved', 210, 1, 454, NULL, 'Pending', 'Approved', '{\"appointment_id\":\"454\",\"service_type\":\"Repair\",\"new_status\":\"Approved\",\"appointment_schedule\":\"2025-08-06 11:00:00\",\"customer_facing\":true,\"action_type\":\"accept\"}', 1, 0, 'high', '2025-08-04 10:48:44', '2025-08-05 07:55:07'),
(45, '', 'Your appointment for Repair service on Aug 6, 2025 11:00 AM has been ACCEPTED by admin/staff. You can now start working on this task. You are paired with Joseph  Sawan (Secondary Technician).', 195, 1, 454, NULL, NULL, NULL, '{\"appointment_id\":\"454\",\"customer_name\":\"Anna A Maslog\",\"service_type\":\"Repair\",\"appliance_type\":\"Coolers\",\"appointment_schedule\":\"2025-08-06 11:00:00\",\"technician_role\":\"primary\",\"technician_facing\":true,\"action_type\":\"accept\",\"partner_technician\":\"Joseph  Sawan\",\"is_team_assignment\":true}', 1, 0, 'high', '2025-08-04 10:48:44', '2025-08-14 03:08:07'),
(46, '', 'Your appointment for Repair service on Aug 6, 2025 11:00 AM has been ACCEPTED by admin/staff. You can now start working on this task as secondary technician. You are paired with Alexlee  Derla (Primary Technician).', 197, 1, 454, NULL, NULL, NULL, '{\"appointment_id\":\"454\",\"customer_name\":\"Anna A Maslog\",\"service_type\":\"Repair\",\"appliance_type\":\"Coolers\",\"appointment_schedule\":\"2025-08-06 11:00:00\",\"technician_role\":\"secondary\",\"technician_facing\":true,\"action_type\":\"accept\",\"partner_technician\":\"Alexlee  Derla\",\"is_team_assignment\":true}', 0, 0, 'high', '2025-08-04 10:48:44', NULL),
(47, 'appointment_status_changed', 'Appointment #454 for Anna A Maslog (Repair) status changed from Pending to In Progress', NULL, 195, 454, NULL, 'Pending', 'In Progress', '{\"appointment_id\":\"454\",\"customer_name\":\"Anna A Maslog\",\"service_type\":\"Repair\",\"old_status\":\"Pending\",\"new_status\":\"In Progress\",\"action_type\":\"inprogress\"}', 1, 0, 'medium', '2025-08-04 10:48:57', '2025-08-05 07:55:01'),
(48, 'appointment_status_changed', 'Your Repair appointment status has been updated to In Progress', 210, 195, 454, NULL, 'Pending', 'In Progress', '{\"appointment_id\":\"454\",\"service_type\":\"Repair\",\"new_status\":\"In Progress\",\"appointment_schedule\":\"2025-08-06 11:00:00\",\"customer_facing\":true,\"action_type\":\"inprogress\"}', 1, 0, 'high', '2025-08-04 10:48:57', '2025-08-05 07:55:07'),
(49, 'appointment_status_changed', 'Appointment #454 for Anna A Maslog (Repair) status changed from In Progress to Completed', NULL, 195, 454, NULL, 'In Progress', 'Completed', '{\"appointment_id\":\"454\",\"customer_name\":\"Anna A Maslog\",\"service_type\":\"Repair\",\"old_status\":\"In Progress\",\"new_status\":\"Completed\",\"action_type\":\"complete\",\"price\":\"500\",\"justification\":\"adwadawdawdwa\"}', 1, 0, 'medium', '2025-08-04 10:49:16', '2025-08-05 07:55:01'),
(50, 'appointment_status_changed', 'Your Repair appointment status has been updated to Completed', 210, 195, 454, NULL, 'In Progress', 'Completed', '{\"appointment_id\":\"454\",\"service_type\":\"Repair\",\"new_status\":\"Completed\",\"appointment_schedule\":\"2025-08-06 11:00:00\",\"customer_facing\":true,\"action_type\":\"complete\",\"price\":\"500\",\"justification\":\"adwadawdawdwa\"}', 1, 0, 'high', '2025-08-04 10:49:16', '2025-08-05 07:55:07'),
(51, 'appointment_created', 'Customer Anna A Maslog created a new appointment - Service: Repair, Date: December 29, 2025 at 8:00 AM', NULL, 210, 455, NULL, NULL, NULL, '{\"service_type\":\"Repair\",\"schedule\":\"2025-12-29 08:00:00\",\"customer_id\":\"210\",\"technician_name\":\"Alexlee  Derla\",\"appointment_id\":\"455\"}', 1, 0, 'medium', '2025-08-04 10:51:04', '2025-08-05 07:55:01'),
(52, '', 'You have been assigned as Primary Technician for Repair service on Dec 29, 2025 8:00 AM for customer Anna A Maslog', 195, 210, 455, NULL, NULL, NULL, '{\"appointment_id\":\"455\",\"customer_name\":\"Anna A Maslog\",\"service_type\":\"Repair\",\"appliance_type\":\"Coolers\",\"appointment_schedule\":\"2025-12-29 08:00:00\",\"technician_role\":\"primary\",\"technician_facing\":true,\"appointment_type\":\"new\"}', 1, 0, 'high', '2025-08-04 10:51:04', '2025-08-14 03:08:07'),
(53, '', 'You have been assigned as Secondary Technician for Repair service on Dec 29, 2025 8:00 AM for customer Anna A Maslog', 196, 210, 455, NULL, NULL, NULL, '{\"appointment_id\":\"455\",\"customer_name\":\"Anna A Maslog\",\"service_type\":\"Repair\",\"appliance_type\":\"Coolers\",\"appointment_schedule\":\"2025-12-29 08:00:00\",\"technician_role\":\"secondary\",\"technician_facing\":true,\"appointment_type\":\"new\"}', 1, 0, 'high', '2025-08-04 10:51:04', '2025-08-12 15:12:38'),
(54, 'appointment_status_changed', 'Appointment #455 for Anna A Maslog (Repair) status changed from Pending to Approved', NULL, 1, 455, NULL, 'Pending', 'Approved', '{\"appointment_id\":\"455\",\"customer_name\":\"Anna A Maslog\",\"service_type\":\"Repair\",\"old_status\":\"Pending\",\"new_status\":\"Approved\",\"action_type\":\"accept\"}', 1, 0, 'medium', '2025-08-04 10:51:16', '2025-08-05 07:55:01'),
(55, 'appointment_status_changed', 'Your Repair appointment status has been updated to Approved', 210, 1, 455, NULL, 'Pending', 'Approved', '{\"appointment_id\":\"455\",\"service_type\":\"Repair\",\"new_status\":\"Approved\",\"appointment_schedule\":\"2025-12-29 08:00:00\",\"customer_facing\":true,\"action_type\":\"accept\"}', 1, 0, 'high', '2025-08-04 10:51:16', '2025-08-05 07:55:07'),
(56, '', 'Your appointment for Repair service on Dec 29, 2025 8:00 AM has been ACCEPTED by admin/staff. You can now start working on this task. You are paired with Arnel  Derla (Secondary Technician).', 195, 1, 455, NULL, NULL, NULL, '{\"appointment_id\":\"455\",\"customer_name\":\"Anna A Maslog\",\"service_type\":\"Repair\",\"appliance_type\":\"Coolers\",\"appointment_schedule\":\"2025-12-29 08:00:00\",\"technician_role\":\"primary\",\"technician_facing\":true,\"action_type\":\"accept\",\"partner_technician\":\"Arnel  Derla\",\"is_team_assignment\":true}', 1, 0, 'high', '2025-08-04 10:51:16', '2025-08-14 03:08:07'),
(57, '', 'Your appointment for Repair service on Dec 29, 2025 8:00 AM has been ACCEPTED by admin/staff. You can now start working on this task as secondary technician. You are paired with Alexlee  Derla (Primary Technician).', 196, 1, 455, NULL, NULL, NULL, '{\"appointment_id\":\"455\",\"customer_name\":\"Anna A Maslog\",\"service_type\":\"Repair\",\"appliance_type\":\"Coolers\",\"appointment_schedule\":\"2025-12-29 08:00:00\",\"technician_role\":\"secondary\",\"technician_facing\":true,\"action_type\":\"accept\",\"partner_technician\":\"Alexlee  Derla\",\"is_team_assignment\":true}', 1, 0, 'high', '2025-08-04 10:51:16', '2025-08-12 15:12:38'),
(58, 'appointment_status_changed', 'Appointment #455 for Anna A Maslog (Repair) status changed from Pending to In Progress', NULL, 195, 455, NULL, 'Pending', 'In Progress', '{\"appointment_id\":\"455\",\"customer_name\":\"Anna A Maslog\",\"service_type\":\"Repair\",\"old_status\":\"Pending\",\"new_status\":\"In Progress\",\"action_type\":\"inprogress\"}', 1, 0, 'medium', '2025-08-04 10:51:22', '2025-08-05 07:55:01'),
(59, 'appointment_status_changed', 'Your Repair appointment status has been updated to In Progress', 210, 195, 455, NULL, 'Pending', 'In Progress', '{\"appointment_id\":\"455\",\"service_type\":\"Repair\",\"new_status\":\"In Progress\",\"appointment_schedule\":\"2025-12-29 08:00:00\",\"customer_facing\":true,\"action_type\":\"inprogress\"}', 1, 0, 'high', '2025-08-04 10:51:22', '2025-08-05 07:55:07'),
(60, 'appointment_status_changed', 'Appointment #455 for Anna A Maslog (Repair) status changed from In Progress to Completed', NULL, 195, 455, NULL, 'In Progress', 'Completed', '{\"appointment_id\":\"455\",\"customer_name\":\"Anna A Maslog\",\"service_type\":\"Repair\",\"old_status\":\"In Progress\",\"new_status\":\"Completed\",\"action_type\":\"complete\",\"price\":\"650\",\"justification\":\"testing completed appointments\"}', 1, 0, 'medium', '2025-08-04 10:51:57', '2025-08-05 07:55:01'),
(61, 'appointment_status_changed', 'Your Repair appointment status has been updated to Completed', 210, 195, 455, NULL, 'In Progress', 'Completed', '{\"appointment_id\":\"455\",\"service_type\":\"Repair\",\"new_status\":\"Completed\",\"appointment_schedule\":\"2025-12-29 08:00:00\",\"customer_facing\":true,\"action_type\":\"complete\",\"price\":\"650\",\"justification\":\"testing completed appointments\"}', 1, 0, 'high', '2025-08-04 10:51:57', '2025-08-05 07:55:07'),
(62, 'appointment_created', 'Customer Anna A Maslog created a new appointment - Service: Repair, Date: January 1, 2026 at 1:00 PM', NULL, 210, 456, NULL, NULL, NULL, '{\"service_type\":\"Repair\",\"schedule\":\"2026-01-01 13:00:00\",\"customer_id\":\"210\",\"technician_name\":\"Alexlee  Derla\",\"appointment_id\":\"456\"}', 1, 0, 'medium', '2025-08-04 11:00:20', '2025-08-05 07:55:01'),
(63, '', 'You have been assigned as Primary Technician for Repair service on Jan 1, 2026 1:00 PM for customer Anna A Maslog', 195, 210, 456, NULL, NULL, NULL, '{\"appointment_id\":\"456\",\"customer_name\":\"Anna A Maslog\",\"service_type\":\"Repair\",\"appliance_type\":\"Coolers\",\"appointment_schedule\":\"2026-01-01 13:00:00\",\"technician_role\":\"primary\",\"technician_facing\":true,\"appointment_type\":\"new\"}', 1, 0, 'high', '2025-08-04 11:00:21', '2025-08-14 03:08:07'),
(64, '', 'You have been assigned as Secondary Technician for Repair service on Jan 1, 2026 1:00 PM for customer Anna A Maslog', 196, 210, 456, NULL, NULL, NULL, '{\"appointment_id\":\"456\",\"customer_name\":\"Anna A Maslog\",\"service_type\":\"Repair\",\"appliance_type\":\"Coolers\",\"appointment_schedule\":\"2026-01-01 13:00:00\",\"technician_role\":\"secondary\",\"technician_facing\":true,\"appointment_type\":\"new\"}', 1, 0, 'high', '2025-08-04 11:00:21', '2025-08-12 15:12:38'),
(65, 'appointment_status_changed', 'Appointment #456 for Anna A Maslog (Repair) status changed from Pending to Approved', NULL, 1, 456, NULL, 'Pending', 'Approved', '{\"appointment_id\":\"456\",\"customer_name\":\"Anna A Maslog\",\"service_type\":\"Repair\",\"old_status\":\"Pending\",\"new_status\":\"Approved\",\"action_type\":\"accept\"}', 1, 0, 'medium', '2025-08-04 11:00:28', '2025-08-05 07:55:01'),
(66, 'appointment_status_changed', 'Your Repair appointment status has been updated to Approved', 210, 1, 456, NULL, 'Pending', 'Approved', '{\"appointment_id\":\"456\",\"service_type\":\"Repair\",\"new_status\":\"Approved\",\"appointment_schedule\":\"2026-01-01 13:00:00\",\"customer_facing\":true,\"action_type\":\"accept\"}', 1, 0, 'high', '2025-08-04 11:00:28', '2025-08-05 07:55:07'),
(67, '', 'Your appointment for Repair service on Jan 1, 2026 1:00 PM has been ACCEPTED by admin/staff. You can now start working on this task. You are paired with Arnel  Derla (Secondary Technician).', 195, 1, 456, NULL, NULL, NULL, '{\"appointment_id\":\"456\",\"customer_name\":\"Anna A Maslog\",\"service_type\":\"Repair\",\"appliance_type\":\"Coolers\",\"appointment_schedule\":\"2026-01-01 13:00:00\",\"technician_role\":\"primary\",\"technician_facing\":true,\"action_type\":\"accept\",\"partner_technician\":\"Arnel  Derla\",\"is_team_assignment\":true}', 1, 0, 'high', '2025-08-04 11:00:28', '2025-08-14 03:08:07'),
(68, '', 'Your appointment for Repair service on Jan 1, 2026 1:00 PM has been ACCEPTED by admin/staff. You can now start working on this task as secondary technician. You are paired with Alexlee  Derla (Primary Technician).', 196, 1, 456, NULL, NULL, NULL, '{\"appointment_id\":\"456\",\"customer_name\":\"Anna A Maslog\",\"service_type\":\"Repair\",\"appliance_type\":\"Coolers\",\"appointment_schedule\":\"2026-01-01 13:00:00\",\"technician_role\":\"secondary\",\"technician_facing\":true,\"action_type\":\"accept\",\"partner_technician\":\"Alexlee  Derla\",\"is_team_assignment\":true}', 1, 0, 'high', '2025-08-04 11:00:28', '2025-08-12 15:12:38'),
(69, 'appointment_status_changed', 'Appointment #456 for Anna A Maslog (Repair) status changed from Pending to In Progress', NULL, 195, 456, NULL, 'Pending', 'In Progress', '{\"appointment_id\":\"456\",\"customer_name\":\"Anna A Maslog\",\"service_type\":\"Repair\",\"old_status\":\"Pending\",\"new_status\":\"In Progress\",\"action_type\":\"inprogress\"}', 1, 0, 'medium', '2025-08-04 11:00:36', '2025-08-05 07:55:01'),
(70, 'appointment_status_changed', 'Your Repair appointment status has been updated to In Progress', 210, 195, 456, NULL, 'Pending', 'In Progress', '{\"appointment_id\":\"456\",\"service_type\":\"Repair\",\"new_status\":\"In Progress\",\"appointment_schedule\":\"2026-01-01 13:00:00\",\"customer_facing\":true,\"action_type\":\"inprogress\"}', 1, 0, 'high', '2025-08-04 11:00:36', '2025-08-05 07:55:07'),
(71, 'appointment_status_changed', 'Appointment #456 for Anna A Maslog (Repair) status changed from In Progress to Completed', NULL, 195, 456, NULL, 'In Progress', 'Completed', '{\"appointment_id\":\"456\",\"customer_name\":\"Anna A Maslog\",\"service_type\":\"Repair\",\"old_status\":\"In Progress\",\"new_status\":\"Completed\",\"action_type\":\"complete\",\"price\":\"750\",\"justification\":\"testing new availability conditions\"}', 1, 0, 'medium', '2025-08-04 11:00:53', '2025-08-05 07:55:01'),
(72, 'appointment_status_changed', 'Your Repair appointment status has been updated to Completed', 210, 195, 456, NULL, 'In Progress', 'Completed', '{\"appointment_id\":\"456\",\"service_type\":\"Repair\",\"new_status\":\"Completed\",\"appointment_schedule\":\"2026-01-01 13:00:00\",\"customer_facing\":true,\"action_type\":\"complete\",\"price\":\"750\",\"justification\":\"testing new availability conditions\"}', 1, 0, 'high', '2025-08-04 11:00:53', '2025-08-05 07:55:07'),
(73, 'appointment_created', 'Customer Anna A Maslog created a new appointment - Service: Maintenance, Date: January 2, 2026 at 9:00 AM', NULL, 210, 457, NULL, NULL, NULL, '{\"service_type\":\"Maintenance\",\"schedule\":\"2026-01-02 09:00:00\",\"customer_id\":\"210\",\"technician_name\":\"Alexlee  Derla\",\"appointment_id\":\"457\"}', 1, 0, 'medium', '2025-08-04 11:02:46', '2025-08-05 07:55:01'),
(74, '', 'You have been assigned as Primary Technician for Maintenance service on Jan 2, 2026 9:00 AM for customer Anna A Maslog', 195, 210, 457, NULL, NULL, NULL, '{\"appointment_id\":\"457\",\"customer_name\":\"Anna A Maslog\",\"service_type\":\"Maintenance\",\"appliance_type\":\"Electrical Systems\",\"appointment_schedule\":\"2026-01-02 09:00:00\",\"technician_role\":\"primary\",\"technician_facing\":true,\"appointment_type\":\"new\"}', 1, 0, 'high', '2025-08-04 11:02:46', '2025-08-14 03:08:07'),
(75, '', 'You have been assigned as Secondary Technician for Maintenance service on Jan 2, 2026 9:00 AM for customer Anna A Maslog', 196, 210, 457, NULL, NULL, NULL, '{\"appointment_id\":\"457\",\"customer_name\":\"Anna A Maslog\",\"service_type\":\"Maintenance\",\"appliance_type\":\"Electrical Systems\",\"appointment_schedule\":\"2026-01-02 09:00:00\",\"technician_role\":\"secondary\",\"technician_facing\":true,\"appointment_type\":\"new\"}', 1, 0, 'high', '2025-08-04 11:02:46', '2025-08-12 15:12:38'),
(76, 'appointment_status_changed', 'Appointment #457 for Anna A Maslog (Maintenance) status changed from Pending to Approved', NULL, 1, 457, NULL, 'Pending', 'Approved', '{\"appointment_id\":\"457\",\"customer_name\":\"Anna A Maslog\",\"service_type\":\"Maintenance\",\"old_status\":\"Pending\",\"new_status\":\"Approved\",\"action_type\":\"accept\"}', 1, 0, 'medium', '2025-08-04 11:02:52', '2025-08-05 07:55:01'),
(77, 'appointment_status_changed', 'Your Maintenance appointment status has been updated to Approved', 210, 1, 457, NULL, 'Pending', 'Approved', '{\"appointment_id\":\"457\",\"service_type\":\"Maintenance\",\"new_status\":\"Approved\",\"appointment_schedule\":\"2026-01-02 09:00:00\",\"customer_facing\":true,\"action_type\":\"accept\"}', 1, 0, 'high', '2025-08-04 11:02:52', '2025-08-05 07:55:07'),
(78, '', 'Your appointment for Maintenance service on Jan 2, 2026 9:00 AM has been ACCEPTED by admin/staff. You can now start working on this task. You are paired with Arnel  Derla (Secondary Technician).', 195, 1, 457, NULL, NULL, NULL, '{\"appointment_id\":\"457\",\"customer_name\":\"Anna A Maslog\",\"service_type\":\"Maintenance\",\"appliance_type\":\"Electrical Systems\",\"appointment_schedule\":\"2026-01-02 09:00:00\",\"technician_role\":\"primary\",\"technician_facing\":true,\"action_type\":\"accept\",\"partner_technician\":\"Arnel  Derla\",\"is_team_assignment\":true}', 1, 0, 'high', '2025-08-04 11:02:52', '2025-08-14 03:08:07'),
(79, '', 'Your appointment for Maintenance service on Jan 2, 2026 9:00 AM has been ACCEPTED by admin/staff. You can now start working on this task as secondary technician. You are paired with Alexlee  Derla (Primary Technician).', 196, 1, 457, NULL, NULL, NULL, '{\"appointment_id\":\"457\",\"customer_name\":\"Anna A Maslog\",\"service_type\":\"Maintenance\",\"appliance_type\":\"Electrical Systems\",\"appointment_schedule\":\"2026-01-02 09:00:00\",\"technician_role\":\"secondary\",\"technician_facing\":true,\"action_type\":\"accept\",\"partner_technician\":\"Alexlee  Derla\",\"is_team_assignment\":true}', 1, 0, 'high', '2025-08-04 11:02:52', '2025-08-12 15:12:38'),
(80, 'appointment_status_changed', 'Appointment #457 for Anna A Maslog (Maintenance) status changed from Pending to In Progress', NULL, 195, 457, NULL, 'Pending', 'In Progress', '{\"appointment_id\":\"457\",\"customer_name\":\"Anna A Maslog\",\"service_type\":\"Maintenance\",\"old_status\":\"Pending\",\"new_status\":\"In Progress\",\"action_type\":\"inprogress\"}', 1, 0, 'medium', '2025-08-04 11:02:58', '2025-08-05 07:55:01'),
(81, 'appointment_status_changed', 'Your Maintenance appointment status has been updated to In Progress', 210, 195, 457, NULL, 'Pending', 'In Progress', '{\"appointment_id\":\"457\",\"service_type\":\"Maintenance\",\"new_status\":\"In Progress\",\"appointment_schedule\":\"2026-01-02 09:00:00\",\"customer_facing\":true,\"action_type\":\"inprogress\"}', 1, 0, 'high', '2025-08-04 11:02:58', '2025-08-05 07:55:07'),
(82, 'appointment_status_changed', 'Appointment #445 for Anna A Maslog (Repair) status changed from In Progress to Completed', NULL, 195, 445, NULL, 'In Progress', 'Completed', '{\"appointment_id\":\"445\",\"customer_name\":\"Anna A Maslog\",\"service_type\":\"Repair\",\"old_status\":\"In Progress\",\"new_status\":\"Completed\",\"action_type\":\"complete\",\"price\":\"5500\",\"justification\":\"taedwadawdawdawdwadwa\"}', 1, 0, 'medium', '2025-08-04 11:14:56', '2025-08-05 07:55:01'),
(83, 'appointment_status_changed', 'Your Repair appointment status has been updated to Completed', 210, 195, 445, NULL, 'In Progress', 'Completed', '{\"appointment_id\":\"445\",\"service_type\":\"Repair\",\"new_status\":\"Completed\",\"appointment_schedule\":\"2025-08-22 14:00:00\",\"customer_facing\":true,\"action_type\":\"complete\",\"price\":\"5500\",\"justification\":\"taedwadawdawdawdwadwa\"}', 1, 0, 'high', '2025-08-04 11:14:56', '2025-08-05 07:55:07'),
(84, 'appointment_status_changed', 'Appointment #432 for Anna A Maslog (Maintenance) status changed from In Progress to Completed', NULL, 197, 432, NULL, 'In Progress', 'Completed', '{\"appointment_id\":\"432\",\"customer_name\":\"Anna A Maslog\",\"service_type\":\"Maintenance\",\"old_status\":\"In Progress\",\"new_status\":\"Completed\",\"action_type\":\"complete\",\"price\":\"212121\",\"justification\":\"dwadwadwadwadwadwadwa\"}', 1, 0, 'medium', '2025-08-04 11:15:31', '2025-08-05 07:55:01'),
(85, 'appointment_status_changed', 'Your Maintenance appointment status has been updated to Completed', 210, 197, 432, NULL, 'In Progress', 'Completed', '{\"appointment_id\":\"432\",\"service_type\":\"Maintenance\",\"new_status\":\"Completed\",\"appointment_schedule\":\"2025-08-06 09:00:00\",\"customer_facing\":true,\"action_type\":\"complete\",\"price\":\"212121\",\"justification\":\"dwadwadwadwadwadwadwa\"}', 1, 0, 'high', '2025-08-04 11:15:31', '2025-08-05 07:55:07'),
(86, '', 'New technician user created: vale tae taevale (valetae@gmail.com)', NULL, 1, NULL, NULL, NULL, NULL, '{\"action\":\"add\",\"target_user_id\":\"0\",\"user_type\":\"technician\",\"target_user_data\":null,\"updated_data\":{\"first_name\":\"vale\",\"middle_name\":\"tae\",\"last_name\":\"taevale\",\"email\":\"valetae@gmail.com\",\"contact\":\"09686676066\",\"address\":\"dwadawdwadwa\",\"user_type_id\":\"2\"}}', 1, 0, 'medium', '2025-08-04 11:16:35', '2025-08-05 07:55:01'),
(87, 'appointment_status_changed', 'Appointment #457 for Anna A Maslog (Maintenance) status changed from In Progress to Completed', NULL, 195, 457, NULL, 'In Progress', 'Completed', '{\"appointment_id\":\"457\",\"customer_name\":\"Anna A Maslog\",\"service_type\":\"Maintenance\",\"old_status\":\"In Progress\",\"new_status\":\"Completed\",\"action_type\":\"complete\",\"price\":\"2222\",\"justification\":\"dwadwadwadawdawdwadw\"}', 1, 0, 'medium', '2025-08-04 11:33:13', '2025-08-05 07:55:01'),
(88, 'appointment_status_changed', 'Your Maintenance appointment status has been updated to Completed', 210, 195, 457, NULL, 'In Progress', 'Completed', '{\"appointment_id\":\"457\",\"service_type\":\"Maintenance\",\"new_status\":\"Completed\",\"appointment_schedule\":\"2026-01-02 09:00:00\",\"customer_facing\":true,\"action_type\":\"complete\",\"price\":\"2222\",\"justification\":\"dwadwadwadawdawdwadw\"}', 1, 0, 'high', '2025-08-04 11:33:13', '2025-08-05 07:55:07'),
(89, 'appointment_created', 'Customer Anna A Maslog created a new appointment - Service: Repair, Date: January 2, 2026 at 11:00 AM', NULL, 210, 458, NULL, NULL, NULL, '{\"service_type\":\"Repair\",\"schedule\":\"2026-01-02 11:00:00\",\"customer_id\":\"210\",\"technician_name\":\"Layla Abris Maslog\",\"appointment_id\":\"458\"}', 1, 0, 'medium', '2025-08-04 11:33:47', '2025-08-05 07:55:01'),
(90, '', 'You have been assigned as Primary Technician for Repair service on Jan 2, 2026 11:00 AM for customer Anna A Maslog', 228, 210, 458, NULL, NULL, NULL, '{\"appointment_id\":\"458\",\"customer_name\":\"Anna A Maslog\",\"service_type\":\"Repair\",\"appliance_type\":\"Coolers\",\"appointment_schedule\":\"2026-01-02 11:00:00\",\"technician_role\":\"primary\",\"technician_facing\":true,\"appointment_type\":\"new\"}', 0, 0, 'high', '2025-08-04 11:33:47', NULL),
(91, '', 'You have been assigned as Secondary Technician for Repair service on Jan 2, 2026 11:00 AM for customer Anna A Maslog', 238, 210, 458, NULL, NULL, NULL, '{\"appointment_id\":\"458\",\"customer_name\":\"Anna A Maslog\",\"service_type\":\"Repair\",\"appliance_type\":\"Coolers\",\"appointment_schedule\":\"2026-01-02 11:00:00\",\"technician_role\":\"secondary\",\"technician_facing\":true,\"appointment_type\":\"new\"}', 1, 0, 'high', '2025-08-04 11:33:47', '2025-08-04 11:38:21'),
(92, 'appointment_status_changed', 'Appointment #458 for Anna A Maslog (Repair) status changed from Pending to Approved', NULL, 1, 458, NULL, 'Pending', 'Approved', '{\"appointment_id\":\"458\",\"customer_name\":\"Anna A Maslog\",\"service_type\":\"Repair\",\"old_status\":\"Pending\",\"new_status\":\"Approved\",\"action_type\":\"accept\"}', 1, 0, 'medium', '2025-08-04 11:34:15', '2025-08-05 07:55:01'),
(93, 'appointment_status_changed', 'Your Repair appointment status has been updated to Approved', 210, 1, 458, NULL, 'Pending', 'Approved', '{\"appointment_id\":\"458\",\"service_type\":\"Repair\",\"new_status\":\"Approved\",\"appointment_schedule\":\"2026-01-02 11:00:00\",\"customer_facing\":true,\"action_type\":\"accept\"}', 1, 0, 'high', '2025-08-04 11:34:15', '2025-08-05 07:55:07'),
(94, '', 'Your appointment for Repair service on Jan 2, 2026 11:00 AM has been ACCEPTED by admin/staff. You can now start working on this task. You are paired with vale tae taevale (Secondary Technician).', 228, 1, 458, NULL, NULL, NULL, '{\"appointment_id\":\"458\",\"customer_name\":\"Anna A Maslog\",\"service_type\":\"Repair\",\"appliance_type\":\"Coolers\",\"appointment_schedule\":\"2026-01-02 11:00:00\",\"technician_role\":\"primary\",\"technician_facing\":true,\"action_type\":\"accept\",\"partner_technician\":\"vale tae taevale\",\"is_team_assignment\":true}', 0, 0, 'high', '2025-08-04 11:34:15', NULL),
(95, '', 'Your appointment for Repair service on Jan 2, 2026 11:00 AM has been ACCEPTED by admin/staff. You can now start working on this task as secondary technician. You are paired with Layla Abris Maslog (Primary Technician).', 238, 1, 458, NULL, NULL, NULL, '{\"appointment_id\":\"458\",\"customer_name\":\"Anna A Maslog\",\"service_type\":\"Repair\",\"appliance_type\":\"Coolers\",\"appointment_schedule\":\"2026-01-02 11:00:00\",\"technician_role\":\"secondary\",\"technician_facing\":true,\"action_type\":\"accept\",\"partner_technician\":\"Layla Abris Maslog\",\"is_team_assignment\":true}', 1, 0, 'high', '2025-08-04 11:34:15', '2025-08-04 11:38:21'),
(96, 'appointment_status_changed', 'Appointment #458 for Anna A Maslog (Repair) status changed from Pending to In Progress', NULL, 238, 458, NULL, 'Pending', 'In Progress', '{\"appointment_id\":\"458\",\"customer_name\":\"Anna A Maslog\",\"service_type\":\"Repair\",\"old_status\":\"Pending\",\"new_status\":\"In Progress\",\"action_type\":\"inprogress\"}', 1, 0, 'medium', '2025-08-04 11:34:21', '2025-08-05 07:55:01'),
(97, 'appointment_status_changed', 'Your Repair appointment status has been updated to In Progress', 210, 238, 458, NULL, 'Pending', 'In Progress', '{\"appointment_id\":\"458\",\"service_type\":\"Repair\",\"new_status\":\"In Progress\",\"appointment_schedule\":\"2026-01-02 11:00:00\",\"customer_facing\":true,\"action_type\":\"inprogress\"}', 1, 0, 'high', '2025-08-04 11:34:21', '2025-08-05 07:55:07'),
(98, 'appointment_status_changed', 'Appointment #458 for Anna A Maslog (Repair) status changed from In Progress to Completed', NULL, 238, 458, NULL, 'In Progress', 'Completed', '{\"appointment_id\":\"458\",\"customer_name\":\"Anna A Maslog\",\"service_type\":\"Repair\",\"old_status\":\"In Progress\",\"new_status\":\"Completed\",\"action_type\":\"complete\",\"price\":\"500\",\"justification\":\"adwadwadadwadawdadwa\"}', 1, 0, 'medium', '2025-08-04 11:34:47', '2025-08-05 07:55:01'),
(99, 'appointment_status_changed', 'Your Repair appointment status has been updated to Completed', 210, 238, 458, NULL, 'In Progress', 'Completed', '{\"appointment_id\":\"458\",\"service_type\":\"Repair\",\"new_status\":\"Completed\",\"appointment_schedule\":\"2026-01-02 11:00:00\",\"customer_facing\":true,\"action_type\":\"complete\",\"price\":\"500\",\"justification\":\"adwadwadadwadawdadwa\"}', 1, 0, 'high', '2025-08-04 11:34:47', '2025-08-05 07:55:07'),
(100, '', 'User information updated: Apol Kiki Yamiti (dawdawdwa@gmail.com) - customer', NULL, 1, NULL, NULL, NULL, NULL, '{\"action\":\"edit\",\"target_user_id\":\"237\",\"user_type\":\"customer\",\"target_user_data\":{\"user_id\":237,\"full_name\":\"Apol Kiki Yamiti\",\"user_email\":\"dawdawdwa@gmail.com\",\"user_type_id\":4},\"updated_data\":{\"first_name\":\"Apol\",\"middle_name\":\"Kiki\",\"last_name\":\"Yamiti\",\"email\":\"dawdawdwa@gmail.com\",\"contact\":\"09914103850\",\"address\":\"dwadwadaw\",\"password\":\"tae\",\"user_type_id\":\"4\"}}', 1, 0, 'medium', '2025-08-05 11:41:34', '2025-08-05 11:52:58'),
(101, 'appointment_created', 'Customer Anna A Maslog created a new appointment - Service: Maintenance, Date: August 14, 2025 at 2:00 PM', NULL, 210, 459, NULL, NULL, NULL, '{\"service_type\":\"Maintenance\",\"schedule\":\"2025-08-14 14:00:00\",\"customer_id\":\"210\",\"technician_name\":\"Archie  Aguimod\",\"appointment_id\":\"459\"}', 1, 0, 'medium', '2025-08-06 08:01:29', '2025-08-06 12:58:44'),
(102, '', 'You have been assigned as Primary Technician for Maintenance service on Aug 14, 2025 2:00 PM for customer Anna A Maslog', 201, 210, 459, NULL, NULL, NULL, '{\"appointment_id\":\"459\",\"customer_name\":\"Anna A Maslog\",\"service_type\":\"Maintenance\",\"appliance_type\":\"Electrical Systems\",\"appointment_schedule\":\"2025-08-14 14:00:00\",\"technician_role\":\"primary\",\"technician_facing\":true,\"appointment_type\":\"new\"}', 0, 0, 'high', '2025-08-06 08:01:29', NULL),
(103, '', 'You have been assigned as Secondary Technician for Maintenance service on Aug 14, 2025 2:00 PM for customer Anna A Maslog', 228, 210, 459, NULL, NULL, NULL, '{\"appointment_id\":\"459\",\"customer_name\":\"Anna A Maslog\",\"service_type\":\"Maintenance\",\"appliance_type\":\"Electrical Systems\",\"appointment_schedule\":\"2025-08-14 14:00:00\",\"technician_role\":\"secondary\",\"technician_facing\":true,\"appointment_type\":\"new\"}', 0, 0, 'high', '2025-08-06 08:01:29', NULL),
(104, '', 'User information updated: Tea Tea Tea (rolando@gmail.com) - customer', NULL, 1, NULL, NULL, NULL, NULL, '{\"action\":\"edit\",\"target_user_id\":\"239\",\"user_type\":\"customer\",\"target_user_data\":{\"user_id\":239,\"full_name\":\"Tea Tea Tea\",\"user_email\":\"rolando@gmail.com\",\"user_type_id\":4},\"updated_data\":{\"first_name\":\"Tea\",\"middle_name\":\"Tea\",\"last_name\":\"Tea\",\"email\":\"rolando@gmail.com\",\"contact\":\"09912969139\",\"address\":\"Purok 4-A, Ising, Carmen, Davao del Norte, 8105\",\"password\":\"Tea123\",\"user_type_id\":\"4\"}}', 1, 0, 'medium', '2025-08-06 11:12:42', '2025-08-06 12:58:44'),
(105, 'appointment_created', 'Customer Tea Tea Tea created a new appointment - Service: Repair, Date: August 15, 2025 at 2:00 PM', NULL, 239, 460, NULL, NULL, NULL, '{\"service_type\":\"Repair\",\"schedule\":\"2025-08-15 14:00:00\",\"customer_id\":\"239\",\"technician_name\":\"Layla Abris Maslog\",\"appointment_id\":\"460\"}', 1, 0, 'medium', '2025-08-06 11:25:35', '2025-08-06 12:58:44'),
(106, '', 'You have been assigned as Primary Technician for Repair service on Aug 15, 2025 2:00 PM for customer Tea Tea Tea', 228, 239, 460, NULL, NULL, NULL, '{\"appointment_id\":\"460\",\"customer_name\":\"Tea Tea Tea\",\"service_type\":\"Repair\",\"appliance_type\":\"Electrical Systems\",\"appointment_schedule\":\"2025-08-15 14:00:00\",\"technician_role\":\"primary\",\"technician_facing\":true,\"appointment_type\":\"new\"}', 0, 0, 'high', '2025-08-06 11:25:35', NULL),
(107, '', 'You have been assigned as Secondary Technician for Repair service on Aug 15, 2025 2:00 PM for customer Tea Tea Tea', 201, 239, 460, NULL, NULL, NULL, '{\"appointment_id\":\"460\",\"customer_name\":\"Tea Tea Tea\",\"service_type\":\"Repair\",\"appliance_type\":\"Electrical Systems\",\"appointment_schedule\":\"2025-08-15 14:00:00\",\"technician_role\":\"secondary\",\"technician_facing\":true,\"appointment_type\":\"new\"}', 0, 0, 'high', '2025-08-06 11:25:35', NULL),
(108, 'appointment_status_changed', 'Appointment #460 for Tea Tea Tea (Repair) status changed from Pending to Approved', NULL, 1, 460, NULL, 'Pending', 'Approved', '{\"appointment_id\":\"460\",\"customer_name\":\"Tea Tea Tea\",\"service_type\":\"Repair\",\"old_status\":\"Pending\",\"new_status\":\"Approved\",\"action_type\":\"accept\"}', 1, 0, 'medium', '2025-08-06 11:29:06', '2025-08-06 12:58:44'),
(109, 'appointment_status_changed', 'Your Repair appointment status has been updated to Approved', 239, 1, 460, NULL, 'Pending', 'Approved', '{\"appointment_id\":\"460\",\"service_type\":\"Repair\",\"new_status\":\"Approved\",\"appointment_schedule\":\"2025-08-15 14:00:00\",\"customer_facing\":true,\"action_type\":\"accept\"}', 1, 0, 'high', '2025-08-06 11:29:06', '2025-08-06 13:41:26'),
(110, '', 'Your appointment for Repair service on Aug 15, 2025 2:00 PM has been ACCEPTED by admin/staff. You can now start working on this task. You are paired with Archie  Aguimod (Secondary Technician).', 228, 1, 460, NULL, NULL, NULL, '{\"appointment_id\":\"460\",\"customer_name\":\"Tea Tea Tea\",\"service_type\":\"Repair\",\"appliance_type\":\"Electrical Systems\",\"appointment_schedule\":\"2025-08-15 14:00:00\",\"technician_role\":\"primary\",\"technician_facing\":true,\"action_type\":\"accept\",\"partner_technician\":\"Archie  Aguimod\",\"is_team_assignment\":true}', 0, 0, 'high', '2025-08-06 11:29:06', NULL);
INSERT INTO `notification` (`notification_id`, `event_type`, `event_description`, `target_user_id`, `actor_user_id`, `related_appointment_id`, `related_invoice_id`, `old_status`, `new_status`, `additional_data`, `is_read`, `is_system_notification`, `priority`, `created_at`, `read_at`) VALUES
(111, '', 'Your appointment for Repair service on Aug 15, 2025 2:00 PM has been ACCEPTED by admin/staff. You can now start working on this task as secondary technician. You are paired with Layla Abris Maslog (Primary Technician).', 201, 1, 460, NULL, NULL, NULL, '{\"appointment_id\":\"460\",\"customer_name\":\"Tea Tea Tea\",\"service_type\":\"Repair\",\"appliance_type\":\"Electrical Systems\",\"appointment_schedule\":\"2025-08-15 14:00:00\",\"technician_role\":\"secondary\",\"technician_facing\":true,\"action_type\":\"accept\",\"partner_technician\":\"Layla Abris Maslog\",\"is_team_assignment\":true}', 0, 0, 'high', '2025-08-06 11:29:06', NULL),
(112, 'appointment_status_changed', 'Appointment #460 for Tea Tea Tea (Repair) status changed from Pending to In Progress', NULL, 201, 460, NULL, 'Pending', 'In Progress', '{\"appointment_id\":\"460\",\"customer_name\":\"Tea Tea Tea\",\"service_type\":\"Repair\",\"old_status\":\"Pending\",\"new_status\":\"In Progress\",\"action_type\":\"inprogress\"}', 1, 0, 'medium', '2025-08-06 11:34:27', '2025-08-06 12:58:44'),
(113, 'appointment_status_changed', 'Your Repair appointment status has been updated to In Progress', 239, 201, 460, NULL, 'Pending', 'In Progress', '{\"appointment_id\":\"460\",\"service_type\":\"Repair\",\"new_status\":\"In Progress\",\"appointment_schedule\":\"2025-08-15 14:00:00\",\"customer_facing\":true,\"action_type\":\"inprogress\"}', 1, 0, 'high', '2025-08-06 11:34:27', '2025-08-06 13:41:26'),
(114, 'appointment_status_changed', 'Appointment #460 for Tea Tea Tea (Repair) status changed from In Progress to Completed', NULL, 201, 460, NULL, 'In Progress', 'Completed', '{\"appointment_id\":\"460\",\"customer_name\":\"Tea Tea Tea\",\"service_type\":\"Repair\",\"old_status\":\"In Progress\",\"new_status\":\"Completed\",\"action_type\":\"complete\",\"price\":\"600\",\"justification\":\"dawdawdadwadawdwadwadaw\"}', 1, 0, 'medium', '2025-08-06 11:39:42', '2025-08-06 12:58:44'),
(115, 'appointment_status_changed', 'Your Repair appointment status has been updated to Completed', 239, 201, 460, NULL, 'In Progress', 'Completed', '{\"appointment_id\":\"460\",\"service_type\":\"Repair\",\"new_status\":\"Completed\",\"appointment_schedule\":\"2025-08-15 14:00:00\",\"customer_facing\":true,\"action_type\":\"complete\",\"price\":\"600\",\"justification\":\"dawdawdadwadawdwadwadaw\"}', 1, 0, 'high', '2025-08-06 11:39:42', '2025-08-06 13:41:26'),
(116, 'appointment_status_changed', 'Appointment #460 for Tea Tea Tea (Repair) status changed from Unpaid to Paid', NULL, 201, 460, NULL, 'Unpaid', 'Paid', '{\"appointment_id\":\"460\",\"customer_name\":\"Tea Tea Tea\",\"service_type\":\"Repair\",\"old_status\":\"Unpaid\",\"new_status\":\"Paid\",\"action_type\":\"paid\"}', 1, 0, 'medium', '2025-08-06 11:53:07', '2025-08-06 12:58:44'),
(117, 'payment_status_changed', 'Payment received for your Repair appointment. Amount: ₱600.00', 239, 201, 460, NULL, 'Unpaid', 'Paid', '{\"appointment_id\":\"460\",\"service_type\":\"Repair\",\"payment_amount\":\"600\",\"old_payment_status\":\"Unpaid\",\"new_payment_status\":\"Paid\",\"appointment_schedule\":\"2025-08-15 14:00:00\",\"customer_facing\":true,\"action_type\":\"paid\"}', 1, 0, 'high', '2025-08-06 11:53:07', '2025-08-06 13:41:26'),
(118, '', 'New customer user created: aw aw aw (aw@gmail.com)', NULL, 1, NULL, NULL, NULL, NULL, '{\"action\":\"add\",\"target_user_id\":\"0\",\"user_type\":\"customer\",\"target_user_data\":null,\"updated_data\":{\"first_name\":\"aw\",\"middle_name\":\"aw\",\"last_name\":\"aw\",\"email\":\"aw@gmail.com\",\"contact\":\"09686676066\",\"address\":\"daaw, A. O. Floirendo, Panabo City, Davao del Norte, 8105\",\"user_type_id\":\"4\"}}', 1, 0, 'medium', '2025-08-06 13:23:10', '2025-08-06 13:40:51'),
(119, '', 'User information updated: aw aw aw (aw@gmail.com) - customer', NULL, 1, NULL, NULL, NULL, NULL, '{\"action\":\"edit\",\"target_user_id\":\"240\",\"user_type\":\"customer\",\"target_user_data\":{\"user_id\":240,\"full_name\":\"aw aw aw\",\"user_email\":\"aw@gmail.com\",\"user_type_id\":4},\"updated_data\":{\"first_name\":\"aw\",\"middle_name\":\"aw\",\"last_name\":\"aw\",\"email\":\"aw@gmail.com\",\"contact\":\"09686676066\",\"address\":\"daaw, A. O. Floirendo, Panabo City, Davao del Norte, 8100\",\"password\":\"Aw123\",\"user_type_id\":\"4\"}}', 1, 0, 'medium', '2025-08-06 13:26:31', '2025-08-06 13:40:51'),
(120, 'appointment_created', 'Customer Anna A Maslog created a new appointment - Service: Repair, Date: August 14, 2025 at 3:00 PM', NULL, 210, 461, NULL, NULL, NULL, '{\"service_type\":\"Repair\",\"schedule\":\"2025-08-14 15:00:00\",\"customer_id\":\"210\",\"technician_name\":\"Archie  Aguimod\",\"appointment_id\":\"461\"}', 1, 0, 'medium', '2025-08-08 10:47:45', '2025-08-08 10:50:42'),
(121, '', 'You have been assigned as Primary Technician for Repair service on Aug 14, 2025 3:00 PM for customer Anna A Maslog', 201, 210, 461, NULL, NULL, NULL, '{\"appointment_id\":\"461\",\"customer_name\":\"Anna A Maslog\",\"service_type\":\"Repair\",\"appliance_type\":\"Coolers\",\"appointment_schedule\":\"2025-08-14 15:00:00\",\"technician_role\":\"primary\",\"technician_facing\":true,\"appointment_type\":\"new\"}', 0, 0, 'high', '2025-08-08 10:47:45', NULL),
(122, '', 'You have been assigned as Secondary Technician for Repair service on Aug 14, 2025 3:00 PM for customer Anna A Maslog', 228, 210, 461, NULL, NULL, NULL, '{\"appointment_id\":\"461\",\"customer_name\":\"Anna A Maslog\",\"service_type\":\"Repair\",\"appliance_type\":\"Coolers\",\"appointment_schedule\":\"2025-08-14 15:00:00\",\"technician_role\":\"secondary\",\"technician_facing\":true,\"appointment_type\":\"new\"}', 0, 0, 'high', '2025-08-08 10:47:45', NULL),
(123, 'appointment_status_changed', 'Appointment #445 for Anna A Maslog (Repair) status changed from Unpaid to Paid', NULL, 1, 445, NULL, 'Unpaid', 'Paid', '{\"appointment_id\":\"445\",\"customer_name\":\"Anna A Maslog\",\"service_type\":\"Repair\",\"old_status\":\"Unpaid\",\"new_status\":\"Paid\",\"action_type\":\"payment_update\"}', 1, 0, 'medium', '2025-08-08 11:02:58', '2025-08-08 11:19:29'),
(124, 'payment_status_changed', 'Payment received for your Repair appointment. Amount: ₱5,500.00', 210, 1, 445, NULL, 'Unpaid', 'Paid', '{\"appointment_id\":\"445\",\"service_type\":\"Repair\",\"payment_amount\":\"5500\",\"old_payment_status\":\"Unpaid\",\"new_payment_status\":\"Paid\",\"appointment_schedule\":\"2025-08-22 14:00:00\",\"customer_facing\":true,\"action_type\":\"payment_update\"}', 1, 0, 'high', '2025-08-08 11:02:58', '2025-08-14 00:24:36'),
(125, 'appointment_status_changed', 'Appointment #458 for Anna A Maslog (Repair) status changed from Unpaid to Paid', NULL, 1, 458, NULL, 'Unpaid', 'Paid', '{\"appointment_id\":\"458\",\"customer_name\":\"Anna A Maslog\",\"service_type\":\"Repair\",\"old_status\":\"Unpaid\",\"new_status\":\"Paid\",\"action_type\":\"payment_update\"}', 1, 0, 'medium', '2025-08-08 11:03:23', '2025-08-08 11:19:29'),
(126, 'payment_status_changed', 'Payment received for your Repair appointment. Amount: ₱500.00', 210, 1, 458, NULL, 'Unpaid', 'Paid', '{\"appointment_id\":\"458\",\"service_type\":\"Repair\",\"payment_amount\":\"500\",\"old_payment_status\":\"Unpaid\",\"new_payment_status\":\"Paid\",\"appointment_schedule\":\"2026-01-02 11:00:00\",\"customer_facing\":true,\"action_type\":\"payment_update\"}', 1, 0, 'high', '2025-08-08 11:03:23', '2025-08-14 00:24:36'),
(127, 'appointment_status_changed', 'Appointment #461 for Anna A Maslog (Repair) status changed from Pending to Approved', NULL, 1, 461, NULL, 'Pending', 'Approved', '{\"appointment_id\":\"461\",\"customer_name\":\"Anna A Maslog\",\"service_type\":\"Repair\",\"old_status\":\"Pending\",\"new_status\":\"Approved\",\"action_type\":\"accept\"}', 1, 0, 'medium', '2025-08-08 11:04:34', '2025-08-08 11:19:29'),
(128, 'appointment_status_changed', 'Your Repair appointment status has been updated to Approved', 210, 1, 461, NULL, 'Pending', 'Approved', '{\"appointment_id\":\"461\",\"service_type\":\"Repair\",\"new_status\":\"Approved\",\"appointment_schedule\":\"2025-08-14 15:00:00\",\"customer_facing\":true,\"action_type\":\"accept\"}', 1, 0, 'high', '2025-08-08 11:04:34', '2025-08-14 00:24:36'),
(129, '', 'Your appointment for Repair service on Aug 14, 2025 3:00 PM has been ACCEPTED by admin/staff. You can now start working on this task. You are paired with Layla Abris Maslog (Secondary Technician).', 201, 1, 461, NULL, NULL, NULL, '{\"appointment_id\":\"461\",\"customer_name\":\"Anna A Maslog\",\"service_type\":\"Repair\",\"appliance_type\":\"Coolers\",\"appointment_schedule\":\"2025-08-14 15:00:00\",\"technician_role\":\"primary\",\"technician_facing\":true,\"action_type\":\"accept\",\"partner_technician\":\"Layla Abris Maslog\",\"is_team_assignment\":true}', 0, 0, 'high', '2025-08-08 11:04:34', NULL),
(130, '', 'Your appointment for Repair service on Aug 14, 2025 3:00 PM has been ACCEPTED by admin/staff. You can now start working on this task as secondary technician. You are paired with Archie  Aguimod (Primary Technician).', 228, 1, 461, NULL, NULL, NULL, '{\"appointment_id\":\"461\",\"customer_name\":\"Anna A Maslog\",\"service_type\":\"Repair\",\"appliance_type\":\"Coolers\",\"appointment_schedule\":\"2025-08-14 15:00:00\",\"technician_role\":\"secondary\",\"technician_facing\":true,\"action_type\":\"accept\",\"partner_technician\":\"Archie  Aguimod\",\"is_team_assignment\":true}', 0, 0, 'high', '2025-08-08 11:04:34', NULL),
(131, 'appointment_status_changed', 'Appointment #461 for Anna A Maslog (Repair) status changed from Pending to In Progress', NULL, 201, 461, NULL, 'Pending', 'In Progress', '{\"appointment_id\":\"461\",\"customer_name\":\"Anna A Maslog\",\"service_type\":\"Repair\",\"old_status\":\"Pending\",\"new_status\":\"In Progress\",\"action_type\":\"inprogress\"}', 1, 0, 'medium', '2025-08-08 11:05:00', '2025-08-08 11:19:29'),
(132, 'appointment_status_changed', 'Your Repair appointment status has been updated to In Progress', 210, 201, 461, NULL, 'Pending', 'In Progress', '{\"appointment_id\":\"461\",\"service_type\":\"Repair\",\"new_status\":\"In Progress\",\"appointment_schedule\":\"2025-08-14 15:00:00\",\"customer_facing\":true,\"action_type\":\"inprogress\"}', 1, 0, 'high', '2025-08-08 11:05:00', '2025-08-14 00:24:36'),
(133, 'appointment_status_changed', 'Appointment #461 for Anna A Maslog (Repair) status changed from In Progress to Completed', NULL, 201, 461, NULL, 'In Progress', 'Completed', '{\"appointment_id\":\"461\",\"customer_name\":\"Anna A Maslog\",\"service_type\":\"Repair\",\"old_status\":\"In Progress\",\"new_status\":\"Completed\",\"action_type\":\"complete\",\"price\":\"232\",\"justification\":\"dwadwadwadwadwadwa\"}', 1, 0, 'medium', '2025-08-08 11:05:11', '2025-08-08 11:19:29'),
(134, 'appointment_status_changed', 'Your Repair appointment status has been updated to Completed', 210, 201, 461, NULL, 'In Progress', 'Completed', '{\"appointment_id\":\"461\",\"service_type\":\"Repair\",\"new_status\":\"Completed\",\"appointment_schedule\":\"2025-08-14 15:00:00\",\"customer_facing\":true,\"action_type\":\"complete\",\"price\":\"232\",\"justification\":\"dwadwadwadwadwadwa\"}', 1, 0, 'high', '2025-08-08 11:05:11', '2025-08-14 00:24:36'),
(135, 'appointment_status_changed', 'Appointment #461 for Anna A Maslog (Repair) status changed from Unpaid to Paid', NULL, 1, 461, NULL, 'Unpaid', 'Paid', '{\"appointment_id\":\"461\",\"customer_name\":\"Anna A Maslog\",\"service_type\":\"Repair\",\"old_status\":\"Unpaid\",\"new_status\":\"Paid\",\"action_type\":\"payment_update\"}', 1, 0, 'medium', '2025-08-08 11:05:15', '2025-08-08 11:19:29'),
(136, 'payment_status_changed', 'Payment received for your Repair appointment. Amount: ₱232.00', 210, 1, 461, NULL, 'Unpaid', 'Paid', '{\"appointment_id\":\"461\",\"service_type\":\"Repair\",\"payment_amount\":\"232\",\"old_payment_status\":\"Unpaid\",\"new_payment_status\":\"Paid\",\"appointment_schedule\":\"2025-08-14 15:00:00\",\"customer_facing\":true,\"action_type\":\"payment_update\"}', 1, 0, 'high', '2025-08-08 11:05:15', '2025-08-14 00:24:36'),
(137, 'appointment_created', 'Customer Anna A Maslog created a new appointment - Service: Repair, Date: August 13, 2025 at 9:00 AM', NULL, 210, 462, NULL, NULL, NULL, '{\"service_type\":\"Repair\",\"schedule\":\"2025-08-13 09:00:00\",\"customer_id\":\"210\",\"technician_name\":\"Archie  Aguimod\",\"appointment_id\":\"462\"}', 1, 0, 'medium', '2025-08-08 11:05:54', '2025-08-08 11:19:29'),
(138, '', 'You have been assigned as Primary Technician for Repair service on Aug 13, 2025 9:00 AM for customer Anna A Maslog', 201, 210, 462, NULL, NULL, NULL, '{\"appointment_id\":\"462\",\"customer_name\":\"Anna A Maslog\",\"service_type\":\"Repair\",\"appliance_type\":\"Coolers\",\"appointment_schedule\":\"2025-08-13 09:00:00\",\"technician_role\":\"primary\",\"technician_facing\":true,\"appointment_type\":\"new\"}', 0, 0, 'high', '2025-08-08 11:05:54', NULL),
(139, '', 'You have been assigned as Secondary Technician for Repair service on Aug 13, 2025 9:00 AM for customer Anna A Maslog', 228, 210, 462, NULL, NULL, NULL, '{\"appointment_id\":\"462\",\"customer_name\":\"Anna A Maslog\",\"service_type\":\"Repair\",\"appliance_type\":\"Coolers\",\"appointment_schedule\":\"2025-08-13 09:00:00\",\"technician_role\":\"secondary\",\"technician_facing\":true,\"appointment_type\":\"new\"}', 0, 0, 'high', '2025-08-08 11:05:54', NULL),
(140, 'appointment_status_changed', 'Appointment #462 for Anna A Maslog (Repair) status changed from Pending to Approved', NULL, 1, 462, NULL, 'Pending', 'Approved', '{\"appointment_id\":\"462\",\"customer_name\":\"Anna A Maslog\",\"service_type\":\"Repair\",\"old_status\":\"Pending\",\"new_status\":\"Approved\",\"action_type\":\"accept\"}', 1, 0, 'medium', '2025-08-08 11:06:04', '2025-08-08 11:19:29'),
(141, 'appointment_status_changed', 'Your Repair appointment status has been updated to Approved', 210, 1, 462, NULL, 'Pending', 'Approved', '{\"appointment_id\":\"462\",\"service_type\":\"Repair\",\"new_status\":\"Approved\",\"appointment_schedule\":\"2025-08-13 09:00:00\",\"customer_facing\":true,\"action_type\":\"accept\"}', 1, 0, 'high', '2025-08-08 11:06:04', '2025-08-14 00:24:36'),
(142, '', 'Your appointment for Repair service on Aug 13, 2025 9:00 AM has been ACCEPTED by admin/staff. You can now start working on this task. You are paired with Layla Abris Maslog (Secondary Technician).', 201, 1, 462, NULL, NULL, NULL, '{\"appointment_id\":\"462\",\"customer_name\":\"Anna A Maslog\",\"service_type\":\"Repair\",\"appliance_type\":\"Coolers\",\"appointment_schedule\":\"2025-08-13 09:00:00\",\"technician_role\":\"primary\",\"technician_facing\":true,\"action_type\":\"accept\",\"partner_technician\":\"Layla Abris Maslog\",\"is_team_assignment\":true}', 0, 0, 'high', '2025-08-08 11:06:04', NULL),
(143, '', 'Your appointment for Repair service on Aug 13, 2025 9:00 AM has been ACCEPTED by admin/staff. You can now start working on this task as secondary technician. You are paired with Archie  Aguimod (Primary Technician).', 228, 1, 462, NULL, NULL, NULL, '{\"appointment_id\":\"462\",\"customer_name\":\"Anna A Maslog\",\"service_type\":\"Repair\",\"appliance_type\":\"Coolers\",\"appointment_schedule\":\"2025-08-13 09:00:00\",\"technician_role\":\"secondary\",\"technician_facing\":true,\"action_type\":\"accept\",\"partner_technician\":\"Archie  Aguimod\",\"is_team_assignment\":true}', 0, 0, 'high', '2025-08-08 11:06:04', NULL),
(144, 'appointment_status_changed', 'Appointment #462 for Anna A Maslog (Repair) status changed from Pending to In Progress', NULL, 201, 462, NULL, 'Pending', 'In Progress', '{\"appointment_id\":\"462\",\"customer_name\":\"Anna A Maslog\",\"service_type\":\"Repair\",\"old_status\":\"Pending\",\"new_status\":\"In Progress\",\"action_type\":\"inprogress\"}', 1, 0, 'medium', '2025-08-08 11:06:18', '2025-08-08 11:19:29'),
(145, 'appointment_status_changed', 'Your Repair appointment status has been updated to In Progress', 210, 201, 462, NULL, 'Pending', 'In Progress', '{\"appointment_id\":\"462\",\"service_type\":\"Repair\",\"new_status\":\"In Progress\",\"appointment_schedule\":\"2025-08-13 09:00:00\",\"customer_facing\":true,\"action_type\":\"inprogress\"}', 1, 0, 'high', '2025-08-08 11:06:18', '2025-08-14 00:24:36'),
(146, 'appointment_status_changed', 'Appointment #462 for Anna A Maslog (Repair) status changed from In Progress to Completed', NULL, 201, 462, NULL, 'In Progress', 'Completed', '{\"appointment_id\":\"462\",\"customer_name\":\"Anna A Maslog\",\"service_type\":\"Repair\",\"old_status\":\"In Progress\",\"new_status\":\"Completed\",\"action_type\":\"complete\",\"price\":\"21321\",\"justification\":\"dwadwadwada\"}', 1, 0, 'medium', '2025-08-08 11:06:32', '2025-08-08 11:19:29'),
(147, 'appointment_status_changed', 'Your Repair appointment status has been updated to Completed', 210, 201, 462, NULL, 'In Progress', 'Completed', '{\"appointment_id\":\"462\",\"service_type\":\"Repair\",\"new_status\":\"Completed\",\"appointment_schedule\":\"2025-08-13 09:00:00\",\"customer_facing\":true,\"action_type\":\"complete\",\"price\":\"21321\",\"justification\":\"dwadwadwada\"}', 1, 0, 'high', '2025-08-08 11:06:32', '2025-08-14 00:24:36'),
(148, 'appointment_status_changed', 'Appointment #462 for Anna A Maslog (Repair) status changed from Unpaid to Paid', NULL, 1, 462, NULL, 'Unpaid', 'Paid', '{\"appointment_id\":\"462\",\"customer_name\":\"Anna A Maslog\",\"service_type\":\"Repair\",\"old_status\":\"Unpaid\",\"new_status\":\"Paid\",\"action_type\":\"payment_update\"}', 1, 0, 'medium', '2025-08-08 11:09:04', '2025-08-08 11:19:29'),
(149, 'payment_status_changed', 'Payment received for your Repair appointment. Amount: ₱21,321.00', 210, 1, 462, NULL, 'Unpaid', 'Paid', '{\"appointment_id\":\"462\",\"service_type\":\"Repair\",\"payment_amount\":\"21321\",\"old_payment_status\":\"Unpaid\",\"new_payment_status\":\"Paid\",\"appointment_schedule\":\"2025-08-13 09:00:00\",\"customer_facing\":true,\"action_type\":\"payment_update\"}', 1, 0, 'high', '2025-08-08 11:09:04', '2025-08-14 00:24:36'),
(150, 'appointment_status_changed', 'Appointment #462 for Anna A Maslog (Repair) status changed from Pending to Declined', NULL, 1, 462, NULL, 'Pending', 'Declined', '{\"appointment_id\":\"462\",\"customer_name\":\"Anna A Maslog\",\"service_type\":\"Repair\",\"old_status\":\"Pending\",\"new_status\":\"Declined\",\"action_type\":\"decline\",\"justification\":\"testing sa mobile view\"}', 1, 0, 'medium', '2025-08-08 11:10:06', '2025-08-08 11:19:29'),
(151, 'appointment_status_changed', 'Your Repair appointment status has been updated to Declined. Reason: testing sa mobile view', 210, 1, 462, NULL, 'Pending', 'Declined', '{\"appointment_id\":\"462\",\"service_type\":\"Repair\",\"new_status\":\"Declined\",\"appointment_schedule\":\"2025-08-13 09:00:00\",\"customer_facing\":true,\"action_type\":\"decline\",\"justification\":\"testing sa mobile view\"}', 1, 0, 'high', '2025-08-08 11:10:06', '2025-08-14 00:24:36'),
(152, 'appointment_status_changed', 'Appointment #459 for Anna A Maslog (Maintenance) status changed from Pending to Declined', NULL, 1, 459, NULL, 'Pending', 'Declined', '{\"appointment_id\":\"459\",\"customer_name\":\"Anna A Maslog\",\"service_type\":\"Maintenance\",\"old_status\":\"Pending\",\"new_status\":\"Declined\",\"action_type\":\"decline\",\"justification\":\"dwadwadwadwa\"}', 1, 0, 'medium', '2025-08-08 11:10:28', '2025-08-08 11:19:29'),
(153, 'appointment_status_changed', 'Your Maintenance appointment status has been updated to Declined. Reason: dwadwadwadwa', 210, 1, 459, NULL, 'Pending', 'Declined', '{\"appointment_id\":\"459\",\"service_type\":\"Maintenance\",\"new_status\":\"Declined\",\"appointment_schedule\":\"2025-08-14 14:00:00\",\"customer_facing\":true,\"action_type\":\"decline\",\"justification\":\"dwadwadwadwa\"}', 1, 0, 'high', '2025-08-08 11:10:28', '2025-08-14 00:24:36'),
(154, 'appointment_status_changed', 'Appointment #436 for Anna A Maslog (Repair) status changed from Pending to Declined', NULL, 1, 436, NULL, 'Pending', 'Declined', '{\"appointment_id\":\"436\",\"customer_name\":\"Anna A Maslog\",\"service_type\":\"Repair\",\"old_status\":\"Pending\",\"new_status\":\"Declined\",\"action_type\":\"decline\",\"justification\":\"dwadwadwa\"}', 1, 0, 'medium', '2025-08-08 11:13:12', '2025-08-08 11:19:29'),
(155, 'appointment_status_changed', 'Your Repair appointment status has been updated to Declined. Reason: dwadwadwa', 210, 1, 436, NULL, 'Pending', 'Declined', '{\"appointment_id\":\"436\",\"service_type\":\"Repair\",\"new_status\":\"Declined\",\"appointment_schedule\":\"2025-08-15 14:00:00\",\"customer_facing\":true,\"action_type\":\"decline\",\"justification\":\"dwadwadwa\"}', 1, 0, 'high', '2025-08-08 11:13:12', '2025-08-14 00:24:36'),
(156, 'appointment_status_changed', 'Appointment #433 for Anna A Maslog (Perepair) status changed from Pending to Declined', NULL, 1, 433, NULL, 'Pending', 'Declined', '{\"appointment_id\":\"433\",\"customer_name\":\"Anna A Maslog\",\"service_type\":\"Perepair\",\"old_status\":\"Pending\",\"new_status\":\"Declined\",\"action_type\":\"decline\",\"justification\":\"dwadadwa\"}', 1, 0, 'medium', '2025-08-08 11:14:19', '2025-08-08 11:19:29'),
(157, 'appointment_status_changed', 'Your Perepair appointment status has been updated to Declined. Reason: dwadadwa', 210, 1, 433, NULL, 'Pending', 'Declined', '{\"appointment_id\":\"433\",\"service_type\":\"Perepair\",\"new_status\":\"Declined\",\"appointment_schedule\":\"2025-08-08 14:00:00\",\"customer_facing\":true,\"action_type\":\"decline\",\"justification\":\"dwadadwa\"}', 1, 0, 'high', '2025-08-08 11:14:19', '2025-08-14 00:24:36'),
(158, 'appointment_status_changed', 'Appointment #423 for Anna A Maslog (Perepair) status changed from Pending to Declined', NULL, 1, 423, NULL, 'Pending', 'Declined', '{\"appointment_id\":\"423\",\"customer_name\":\"Anna A Maslog\",\"service_type\":\"Perepair\",\"old_status\":\"Pending\",\"new_status\":\"Declined\",\"action_type\":\"decline\",\"justification\":\"dwadwadwa\"}', 1, 0, 'medium', '2025-08-08 11:15:15', '2025-08-08 11:19:29'),
(159, 'appointment_status_changed', 'Your Perepair appointment status has been updated to Declined. Reason: dwadwadwa', 210, 1, 423, NULL, 'Pending', 'Declined', '{\"appointment_id\":\"423\",\"service_type\":\"Perepair\",\"new_status\":\"Declined\",\"appointment_schedule\":\"2025-08-05 13:00:00\",\"customer_facing\":true,\"action_type\":\"decline\",\"justification\":\"dwadwadwa\"}', 1, 0, 'high', '2025-08-08 11:15:15', '2025-08-14 00:24:36'),
(160, 'appointment_created', 'Customer Anna A Maslog created a new appointment - Service: Repair, Date: August 14, 2025 at 3:00 PM', NULL, 210, 463, NULL, NULL, NULL, '{\"service_type\":\"Repair\",\"schedule\":\"2025-08-14 15:00:00\",\"customer_id\":\"210\",\"technician_name\":\"Layla Abris Maslog\",\"appointment_id\":\"463\"}', 1, 0, 'medium', '2025-08-08 11:15:53', '2025-08-08 11:19:29'),
(161, '', 'You have been assigned as Primary Technician for Repair service on Aug 14, 2025 3:00 PM for customer Anna A Maslog', 228, 210, 463, NULL, NULL, NULL, '{\"appointment_id\":\"463\",\"customer_name\":\"Anna A Maslog\",\"service_type\":\"Repair\",\"appliance_type\":\"Coolers\",\"appointment_schedule\":\"2025-08-14 15:00:00\",\"technician_role\":\"primary\",\"technician_facing\":true,\"appointment_type\":\"new\"}', 0, 0, 'high', '2025-08-08 11:15:53', NULL),
(162, '', 'You have been assigned as Secondary Technician for Repair service on Aug 14, 2025 3:00 PM for customer Anna A Maslog', 201, 210, 463, NULL, NULL, NULL, '{\"appointment_id\":\"463\",\"customer_name\":\"Anna A Maslog\",\"service_type\":\"Repair\",\"appliance_type\":\"Coolers\",\"appointment_schedule\":\"2025-08-14 15:00:00\",\"technician_role\":\"secondary\",\"technician_facing\":true,\"appointment_type\":\"new\"}', 0, 0, 'high', '2025-08-08 11:15:53', NULL),
(163, 'appointment_status_changed', 'Appointment #463 for Anna A Maslog (Repair) status changed from Pending to Approved', NULL, 1, 463, NULL, 'Pending', 'Approved', '{\"appointment_id\":\"463\",\"customer_name\":\"Anna A Maslog\",\"service_type\":\"Repair\",\"old_status\":\"Pending\",\"new_status\":\"Approved\",\"action_type\":\"accept\"}', 1, 0, 'medium', '2025-08-08 11:16:01', '2025-08-08 11:19:29'),
(164, 'appointment_status_changed', 'Your Repair appointment status has been updated to Approved', 210, 1, 463, NULL, 'Pending', 'Approved', '{\"appointment_id\":\"463\",\"service_type\":\"Repair\",\"new_status\":\"Approved\",\"appointment_schedule\":\"2025-08-14 15:00:00\",\"customer_facing\":true,\"action_type\":\"accept\"}', 1, 0, 'high', '2025-08-08 11:16:01', '2025-08-14 00:24:36'),
(165, '', 'Your appointment for Repair service on Aug 14, 2025 3:00 PM has been ACCEPTED by admin/staff. You can now start working on this task. You are paired with Archie  Aguimod (Secondary Technician).', 228, 1, 463, NULL, NULL, NULL, '{\"appointment_id\":\"463\",\"customer_name\":\"Anna A Maslog\",\"service_type\":\"Repair\",\"appliance_type\":\"Coolers\",\"appointment_schedule\":\"2025-08-14 15:00:00\",\"technician_role\":\"primary\",\"technician_facing\":true,\"action_type\":\"accept\",\"partner_technician\":\"Archie  Aguimod\",\"is_team_assignment\":true}', 0, 0, 'high', '2025-08-08 11:16:01', NULL),
(166, '', 'Your appointment for Repair service on Aug 14, 2025 3:00 PM has been ACCEPTED by admin/staff. You can now start working on this task as secondary technician. You are paired with Layla Abris Maslog (Primary Technician).', 201, 1, 463, NULL, NULL, NULL, '{\"appointment_id\":\"463\",\"customer_name\":\"Anna A Maslog\",\"service_type\":\"Repair\",\"appliance_type\":\"Coolers\",\"appointment_schedule\":\"2025-08-14 15:00:00\",\"technician_role\":\"secondary\",\"technician_facing\":true,\"action_type\":\"accept\",\"partner_technician\":\"Layla Abris Maslog\",\"is_team_assignment\":true}', 0, 0, 'high', '2025-08-08 11:16:01', NULL),
(167, 'appointment_created', 'Customer Tea Tea Tea created a new appointment - Service: Repair, Date: August 14, 2025 at 2:00 PM', NULL, 239, 464, NULL, NULL, NULL, '{\"service_type\":\"Repair\",\"schedule\":\"2025-08-14 14:00:00\",\"customer_id\":\"239\",\"technician_name\":\"vale tae taevale\",\"appointment_id\":\"464\"}', 1, 0, 'medium', '2025-08-08 11:16:36', '2025-08-08 11:19:29'),
(168, '', 'You have been assigned as Primary Technician for Repair service on Aug 14, 2025 2:00 PM for customer Tea Tea Tea', 238, 239, 464, NULL, NULL, NULL, '{\"appointment_id\":\"464\",\"customer_name\":\"Tea Tea Tea\",\"service_type\":\"Repair\",\"appliance_type\":\"Electrical Systems\",\"appointment_schedule\":\"2025-08-14 14:00:00\",\"technician_role\":\"primary\",\"technician_facing\":true,\"appointment_type\":\"new\"}', 0, 0, 'high', '2025-08-08 11:16:36', NULL),
(169, 'appointment_status_changed', 'Appointment #464 for Tea Tea Tea (Repair) status changed from Pending to Declined', NULL, 1, 464, NULL, 'Pending', 'Declined', '{\"appointment_id\":\"464\",\"customer_name\":\"Tea Tea Tea\",\"service_type\":\"Repair\",\"old_status\":\"Pending\",\"new_status\":\"Declined\",\"action_type\":\"decline\",\"justification\":\"dawdwadwadwa\"}', 1, 0, 'medium', '2025-08-08 11:16:45', '2025-08-08 11:19:29'),
(170, 'appointment_status_changed', 'Your Repair appointment status has been updated to Declined. Reason: dawdwadwadwa', 239, 1, 464, NULL, 'Pending', 'Declined', '{\"appointment_id\":\"464\",\"service_type\":\"Repair\",\"new_status\":\"Declined\",\"appointment_schedule\":\"2025-08-14 14:00:00\",\"customer_facing\":true,\"action_type\":\"decline\",\"justification\":\"dawdwadwadwa\"}', 1, 0, 'high', '2025-08-08 11:16:45', '2025-08-14 00:46:28'),
(171, 'appointment_created', 'Customer Tea Tea Tea created a new appointment - Service: Repair, Date: August 13, 2025 at 2:00 PM', NULL, 239, 465, NULL, NULL, NULL, '{\"service_type\":\"Repair\",\"schedule\":\"2025-08-13 14:00:00\",\"customer_id\":\"239\",\"technician_name\":\"Archie  Aguimod\",\"appointment_id\":\"465\"}', 1, 0, 'medium', '2025-08-08 11:17:12', '2025-08-08 11:19:29'),
(172, '', 'You have been assigned as Primary Technician for Repair service on Aug 13, 2025 2:00 PM for customer Tea Tea Tea', 201, 239, 465, NULL, NULL, NULL, '{\"appointment_id\":\"465\",\"customer_name\":\"Tea Tea Tea\",\"service_type\":\"Repair\",\"appliance_type\":\"Electrical Systems\",\"appointment_schedule\":\"2025-08-13 14:00:00\",\"technician_role\":\"primary\",\"technician_facing\":true,\"appointment_type\":\"new\"}', 0, 0, 'high', '2025-08-08 11:17:12', NULL),
(173, '', 'You have been assigned as Secondary Technician for Repair service on Aug 13, 2025 2:00 PM for customer Tea Tea Tea', 228, 239, 465, NULL, NULL, NULL, '{\"appointment_id\":\"465\",\"customer_name\":\"Tea Tea Tea\",\"service_type\":\"Repair\",\"appliance_type\":\"Electrical Systems\",\"appointment_schedule\":\"2025-08-13 14:00:00\",\"technician_role\":\"secondary\",\"technician_facing\":true,\"appointment_type\":\"new\"}', 0, 0, 'high', '2025-08-08 11:17:12', NULL),
(174, 'appointment_status_changed', 'Appointment #465 for Tea Tea Tea (Repair) status changed from Pending to Declined', NULL, 1, 465, NULL, 'Pending', 'Declined', '{\"appointment_id\":\"465\",\"customer_name\":\"Tea Tea Tea\",\"service_type\":\"Repair\",\"old_status\":\"Pending\",\"new_status\":\"Declined\",\"action_type\":\"decline\",\"justification\":\"dwadadaw\"}', 1, 0, 'medium', '2025-08-08 11:17:23', '2025-08-08 11:19:29'),
(175, 'appointment_status_changed', 'Your Repair appointment status has been updated to Declined. Reason: dwadadaw', 239, 1, 465, NULL, 'Pending', 'Declined', '{\"appointment_id\":\"465\",\"service_type\":\"Repair\",\"new_status\":\"Declined\",\"appointment_schedule\":\"2025-08-13 14:00:00\",\"customer_facing\":true,\"action_type\":\"decline\",\"justification\":\"dwadadaw\"}', 1, 0, 'high', '2025-08-08 11:17:23', '2025-08-14 00:46:28'),
(176, 'appointment_created', 'Customer Tea Tea Tea created a new appointment - Service: Repair, Date: August 13, 2025 at 2:00 PM', NULL, 239, 466, NULL, NULL, NULL, '{\"service_type\":\"Repair\",\"schedule\":\"2025-08-13 14:00:00\",\"customer_id\":\"239\",\"technician_name\":\"Archie  Aguimod\",\"appointment_id\":\"466\"}', 1, 0, 'medium', '2025-08-08 12:04:44', '2025-08-08 12:28:21'),
(177, '', 'You have been assigned as Primary Technician for Repair service on Aug 13, 2025 2:00 PM for customer Tea Tea Tea', 201, 239, 466, NULL, NULL, NULL, '{\"appointment_id\":\"466\",\"customer_name\":\"Tea Tea Tea\",\"service_type\":\"Repair\",\"appliance_type\":\"Electrical Systems\",\"appointment_schedule\":\"2025-08-13 14:00:00\",\"technician_role\":\"primary\",\"technician_facing\":true,\"appointment_type\":\"new\"}', 0, 0, 'high', '2025-08-08 12:04:44', NULL),
(178, '', 'You have been assigned as Secondary Technician for Repair service on Aug 13, 2025 2:00 PM for customer Tea Tea Tea', 228, 239, 466, NULL, NULL, NULL, '{\"appointment_id\":\"466\",\"customer_name\":\"Tea Tea Tea\",\"service_type\":\"Repair\",\"appliance_type\":\"Electrical Systems\",\"appointment_schedule\":\"2025-08-13 14:00:00\",\"technician_role\":\"secondary\",\"technician_facing\":true,\"appointment_type\":\"new\"}', 0, 0, 'high', '2025-08-08 12:04:44', NULL),
(179, 'appointment_status_changed', 'Appointment #466 for Tea Tea Tea (Repair) status changed from Pending to Approved', NULL, 1, 466, NULL, 'Pending', 'Approved', '{\"appointment_id\":\"466\",\"customer_name\":\"Tea Tea Tea\",\"service_type\":\"Repair\",\"old_status\":\"Pending\",\"new_status\":\"Approved\",\"action_type\":\"accept\"}', 1, 0, 'medium', '2025-08-08 12:04:52', '2025-08-08 12:28:21'),
(180, 'appointment_status_changed', 'Your Repair appointment status has been updated to Approved', 239, 1, 466, NULL, 'Pending', 'Approved', '{\"appointment_id\":\"466\",\"service_type\":\"Repair\",\"new_status\":\"Approved\",\"appointment_schedule\":\"2025-08-13 14:00:00\",\"customer_facing\":true,\"action_type\":\"accept\"}', 1, 0, 'high', '2025-08-08 12:04:52', '2025-08-14 00:46:28'),
(181, '', 'Your appointment for Repair service on Aug 13, 2025 2:00 PM has been ACCEPTED by admin/staff. You can now start working on this task. You are paired with Layla Abris Maslog (Secondary Technician).', 201, 1, 466, NULL, NULL, NULL, '{\"appointment_id\":\"466\",\"customer_name\":\"Tea Tea Tea\",\"service_type\":\"Repair\",\"appliance_type\":\"Electrical Systems\",\"appointment_schedule\":\"2025-08-13 14:00:00\",\"technician_role\":\"primary\",\"technician_facing\":true,\"action_type\":\"accept\",\"partner_technician\":\"Layla Abris Maslog\",\"is_team_assignment\":true}', 0, 0, 'high', '2025-08-08 12:04:52', NULL),
(182, '', 'Your appointment for Repair service on Aug 13, 2025 2:00 PM has been ACCEPTED by admin/staff. You can now start working on this task as secondary technician. You are paired with Archie  Aguimod (Primary Technician).', 228, 1, 466, NULL, NULL, NULL, '{\"appointment_id\":\"466\",\"customer_name\":\"Tea Tea Tea\",\"service_type\":\"Repair\",\"appliance_type\":\"Electrical Systems\",\"appointment_schedule\":\"2025-08-13 14:00:00\",\"technician_role\":\"secondary\",\"technician_facing\":true,\"action_type\":\"accept\",\"partner_technician\":\"Archie  Aguimod\",\"is_team_assignment\":true}', 0, 0, 'high', '2025-08-08 12:04:52', NULL),
(183, 'appointment_created', 'Customer Tea Tea Tea created a new appointment - Service: Repair, Date: August 12, 2025 at 2:00 PM', NULL, 239, 467, NULL, NULL, NULL, '{\"service_type\":\"Repair\",\"schedule\":\"2025-08-12 14:00:00\",\"customer_id\":\"239\",\"technician_name\":\"Archie  Aguimod\",\"appointment_id\":\"467\"}', 1, 0, 'medium', '2025-08-08 12:42:37', '2025-08-08 12:47:30'),
(184, '', 'You have been assigned as Primary Technician for Repair service on Aug 12, 2025 2:00 PM for customer Tea Tea Tea', 201, 239, 467, NULL, NULL, NULL, '{\"appointment_id\":\"467\",\"customer_name\":\"Tea Tea Tea\",\"service_type\":\"Repair\",\"appliance_type\":\"Electrical Systems\",\"appointment_schedule\":\"2025-08-12 14:00:00\",\"technician_role\":\"primary\",\"technician_facing\":true,\"appointment_type\":\"new\"}', 0, 0, 'high', '2025-08-08 12:42:37', NULL),
(185, '', 'You have been assigned as Secondary Technician for Repair service on Aug 12, 2025 2:00 PM for customer Tea Tea Tea', 228, 239, 467, NULL, NULL, NULL, '{\"appointment_id\":\"467\",\"customer_name\":\"Tea Tea Tea\",\"service_type\":\"Repair\",\"appliance_type\":\"Electrical Systems\",\"appointment_schedule\":\"2025-08-12 14:00:00\",\"technician_role\":\"secondary\",\"technician_facing\":true,\"appointment_type\":\"new\"}', 0, 0, 'high', '2025-08-08 12:42:37', NULL),
(186, 'appointment_status_changed', 'Appointment #467 for Tea Tea Tea (Repair) status changed from Pending to Declined', NULL, 1, 467, NULL, 'Pending', 'Declined', '{\"appointment_id\":\"467\",\"customer_name\":\"Tea Tea Tea\",\"service_type\":\"Repair\",\"old_status\":\"Pending\",\"new_status\":\"Declined\",\"action_type\":\"decline\",\"justification\":\"dwadawdwa\"}', 1, 0, 'medium', '2025-08-08 12:52:06', '2025-08-08 13:12:01'),
(187, 'appointment_status_changed', 'Your Repair appointment status has been updated to Declined. Reason: dwadawdwa', 239, 1, 467, NULL, 'Pending', 'Declined', '{\"appointment_id\":\"467\",\"service_type\":\"Repair\",\"new_status\":\"Declined\",\"appointment_schedule\":\"2025-08-12 14:00:00\",\"customer_facing\":true,\"action_type\":\"decline\",\"justification\":\"dwadawdwa\"}', 1, 0, 'high', '2025-08-08 12:52:06', '2025-08-14 00:46:28'),
(188, '', 'User information updated: awww aw aw (aw@gmail.com) - customer', NULL, 1, NULL, NULL, NULL, NULL, '{\"action\":\"edit\",\"target_user_id\":\"240\",\"user_type\":\"customer\",\"target_user_data\":{\"user_id\":240,\"full_name\":\"awww aw aw\",\"user_email\":\"aw@gmail.com\",\"user_type_id\":4},\"updated_data\":{\"first_name\":\"awww\",\"middle_name\":\"aw\",\"last_name\":\"aw\",\"email\":\"aw@gmail.com\",\"contact\":\"09686676066\",\"address\":\"daaw, A. O. Floirendo, Panabo City, Davao del Norte, 8100\",\"password\":\"Aw123\",\"user_type_id\":\"4\"}}', 1, 0, 'medium', '2025-08-08 15:59:06', '2025-08-10 11:58:04'),
(189, '', 'New technician user created: awadaw dwada dwadwa (dwadwadwa@gmail.com)', NULL, 1, NULL, NULL, NULL, NULL, '{\"action\":\"add\",\"target_user_id\":\"0\",\"user_type\":\"technician\",\"target_user_data\":null,\"updated_data\":{\"first_name\":\"awadaw\",\"middle_name\":\"dwada\",\"last_name\":\"dwadwa\",\"email\":\"dwadwadwa@gmail.com\",\"contact\":\"09686676066\",\"address\":\"prk 4, San Francisco, Panabo City, Davao del Norte, 8105\",\"user_type_id\":\"2\"}}', 1, 0, 'medium', '2025-08-08 15:59:41', '2025-08-10 11:58:04'),
(190, '', 'User information updated: awadaw dwada dwadwa (dwadwadwa@gmail.com) - technician', NULL, 1, NULL, NULL, NULL, NULL, '{\"action\":\"edit\",\"target_user_id\":\"241\",\"user_type\":\"technician\",\"target_user_data\":{\"user_id\":241,\"full_name\":\"awadaw dwada dwadwa\",\"user_email\":\"dwadwadwa@gmail.com\",\"user_type_id\":2},\"updated_data\":{\"first_name\":\"awadaw\",\"middle_name\":\"dwada\",\"last_name\":\"dwadwa\",\"email\":\"dwadwadwa@gmail.com\",\"contact\":\"09686676066\",\"address\":\"prk 4, Alejal, Panabo City, Davao del Norte, 8105\",\"password\":\"awadaw123\",\"user_type_id\":\"2\"}}', 1, 0, 'medium', '2025-08-11 11:28:22', '2025-08-12 07:53:22'),
(191, '', 'User information updated: awadaw dwada dwadwa (dwadwadwa@gmail.com) - technician', NULL, 1, NULL, NULL, NULL, NULL, '{\"action\":\"edit\",\"target_user_id\":\"241\",\"user_type\":\"technician\",\"target_user_data\":{\"user_id\":241,\"full_name\":\"awadaw dwada dwadwa\",\"user_email\":\"dwadwadwa@gmail.com\",\"user_type_id\":2},\"updated_data\":{\"first_name\":\"awadaw\",\"middle_name\":\"dwada\",\"last_name\":\"dwadwa\",\"email\":\"dwadwadwa@gmail.com\",\"contact\":\"09686676066\",\"address\":\"prk 4, A. O. Floirendo, Panabo City, Davao del Norte, 8105\",\"password\":\"awadaw123\",\"user_type_id\":\"2\"}}', 1, 0, 'medium', '2025-08-11 11:36:54', '2025-08-12 07:53:22'),
(192, '', 'New technician user created: adwad da dawdwa (dwadwadwa@gmail.com)', NULL, 1, NULL, NULL, NULL, NULL, '{\"action\":\"add\",\"target_user_id\":\"0\",\"user_type\":\"technician\",\"target_user_data\":null,\"updated_data\":{\"first_name\":\"adwad\",\"middle_name\":\"da\",\"last_name\":\"dawdwa\",\"email\":\"dwadwadwa@gmail.com\",\"contact\":\"09686676066\",\"address\":\"adwadwa, dawd, dwadw, dawdw, 5645\",\"user_type_id\":\"2\"}}', 1, 0, 'medium', '2025-08-11 11:37:59', '2025-08-12 07:53:22'),
(193, '', 'New customer user created: dw dawda dwad (dwadwa@gmail.com)', NULL, 1, NULL, NULL, NULL, NULL, '{\"action\":\"add\",\"target_user_id\":\"0\",\"user_type\":\"customer\",\"target_user_data\":null,\"updated_data\":{\"first_name\":\"dw\",\"middle_name\":\"dawda\",\"last_name\":\"dwad\",\"email\":\"dwadwa@gmail.com\",\"contact\":\"09686676066\",\"address\":\"dwadwa, A. O. Floirendo, Panabo City, Davao del Norte, 8799\",\"user_type_id\":\"4\"}}', 1, 0, 'medium', '2025-08-11 11:40:32', '2025-08-12 07:53:22'),
(194, 'appointment_created', 'Customer Tea Tea Tea created a new appointment - Service: Repair, Date: August 13, 2025 at 2:00 PM', NULL, 239, 468, NULL, NULL, NULL, '{\"service_type\":\"Repair\",\"schedule\":\"2025-08-13 14:00:00\",\"customer_id\":\"239\",\"technician_name\":\"vale tae taevale\",\"appointment_id\":\"468\"}', 1, 0, 'medium', '2025-08-11 12:06:44', '2025-08-12 07:53:22'),
(195, '', 'You have been assigned as Primary Technician for Repair service on Aug 13, 2025 2:00 PM for customer Tea Tea Tea', 238, 239, 468, NULL, NULL, NULL, '{\"appointment_id\":\"468\",\"customer_name\":\"Tea Tea Tea\",\"service_type\":\"Repair\",\"appliance_type\":\"Electrical Systems\",\"appointment_schedule\":\"2025-08-13 14:00:00\",\"technician_role\":\"primary\",\"technician_facing\":true,\"appointment_type\":\"new\"}', 0, 0, 'high', '2025-08-11 12:06:44', NULL),
(196, '', 'You have been assigned as Secondary Technician for Repair service on Aug 13, 2025 2:00 PM for customer Tea Tea Tea', 241, 239, 468, NULL, NULL, NULL, '{\"appointment_id\":\"468\",\"customer_name\":\"Tea Tea Tea\",\"service_type\":\"Repair\",\"appliance_type\":\"Electrical Systems\",\"appointment_schedule\":\"2025-08-13 14:00:00\",\"technician_role\":\"secondary\",\"technician_facing\":true,\"appointment_type\":\"new\"}', 0, 0, 'high', '2025-08-11 12:06:44', NULL),
(197, 'appointment_status_changed', 'Appointment #468 for Tea Tea Tea (Repair) status changed from Pending to Approved', NULL, 1, 468, NULL, 'Pending', 'Approved', '{\"appointment_id\":\"468\",\"customer_name\":\"Tea Tea Tea\",\"service_type\":\"Repair\",\"old_status\":\"Pending\",\"new_status\":\"Approved\",\"action_type\":\"accept\"}', 1, 0, 'medium', '2025-08-11 12:07:17', '2025-08-12 07:53:22'),
(198, 'appointment_status_changed', 'Your Repair appointment status has been updated to Approved', 239, 1, 468, NULL, 'Pending', 'Approved', '{\"appointment_id\":\"468\",\"service_type\":\"Repair\",\"new_status\":\"Approved\",\"appointment_schedule\":\"2025-08-13 14:00:00\",\"customer_facing\":true,\"action_type\":\"accept\"}', 1, 0, 'high', '2025-08-11 12:07:17', '2025-08-14 00:46:28'),
(199, '', 'Your appointment for Repair service on Aug 13, 2025 2:00 PM has been ACCEPTED by admin/staff. You can now start working on this task. You are paired with awadaw dwada dwadwa (Secondary Technician).', 238, 1, 468, NULL, NULL, NULL, '{\"appointment_id\":\"468\",\"customer_name\":\"Tea Tea Tea\",\"service_type\":\"Repair\",\"appliance_type\":\"Electrical Systems\",\"appointment_schedule\":\"2025-08-13 14:00:00\",\"technician_role\":\"primary\",\"technician_facing\":true,\"action_type\":\"accept\",\"partner_technician\":\"awadaw dwada dwadwa\",\"is_team_assignment\":true}', 0, 0, 'high', '2025-08-11 12:07:17', NULL),
(200, '', 'Your appointment for Repair service on Aug 13, 2025 2:00 PM has been ACCEPTED by admin/staff. You can now start working on this task as secondary technician. You are paired with vale tae taevale (Primary Technician).', 241, 1, 468, NULL, NULL, NULL, '{\"appointment_id\":\"468\",\"customer_name\":\"Tea Tea Tea\",\"service_type\":\"Repair\",\"appliance_type\":\"Electrical Systems\",\"appointment_schedule\":\"2025-08-13 14:00:00\",\"technician_role\":\"secondary\",\"technician_facing\":true,\"action_type\":\"accept\",\"partner_technician\":\"vale tae taevale\",\"is_team_assignment\":true}', 0, 0, 'high', '2025-08-11 12:07:17', NULL),
(201, '', 'User information updated: dw dawda dwad (dwadwa@gmail.com) - customer', NULL, 1, NULL, NULL, NULL, NULL, '{\"action\":\"edit\",\"target_user_id\":\"243\",\"user_type\":\"customer\",\"target_user_data\":{\"user_id\":243,\"full_name\":\"dw dawda dwad\",\"user_email\":\"dwadwa@gmail.com\",\"user_type_id\":4},\"updated_data\":{\"first_name\":\"dw\",\"middle_name\":\"dawda\",\"last_name\":\"dwad\",\"email\":\"dwadwa@gmail.com\",\"contact\":\"09686676066\",\"address\":\"dwadwa, A. O. Floirendo, Panabo City, Davao del Norte, 8105\",\"password\":\"dwadwa\",\"user_type_id\":\"4\"}}', 1, 0, 'medium', '2025-08-11 12:28:46', '2025-08-12 07:53:22'),
(202, '', 'User information updated: dw dawda dwad (dwadwa@gmail.com) - customer', NULL, 1, NULL, NULL, NULL, NULL, '{\"action\":\"edit\",\"target_user_id\":\"243\",\"user_type\":\"customer\",\"target_user_data\":{\"user_id\":243,\"full_name\":\"dw dawda dwad\",\"user_email\":\"dwadwa@gmail.com\",\"user_type_id\":4},\"updated_data\":{\"first_name\":\"dw\",\"middle_name\":\"dawda\",\"last_name\":\"dwad\",\"email\":\"dwadwa@gmail.com\",\"contact\":\"09686676066\",\"address\":\"dwadwa, Alejal, Carmen, Davao del Norte, 8101\",\"password\":\"dwadwa\",\"user_type_id\":\"4\"}}', 1, 0, 'medium', '2025-08-11 12:28:59', '2025-08-12 07:53:22'),
(203, 'user_deleted', 'User ID 243 deleted', NULL, 1, NULL, NULL, NULL, NULL, '{\"action\":\"delete\",\"target_user_id\":243,\"user_type\":\"Unknown\",\"target_user_data\":false,\"updated_data\":[],\"deleted_user_data\":{\"user_id\":243,\"user_name\":\"dw\",\"user_midname\":\"dawda\",\"user_lastname\":\"dwad\",\"user_pass\":\"dwadwa\",\"user_email\":\"dwadwa@gmail.com\",\"user_contact\":\"09686676066\",\"house_building_street\":\"dwadwa\",\"barangay\":\"Alejal\",\"municipality_city\":\"Carmen\",\"province\":\"Davao del Norte\",\"zip_code\":\"8101\",\"user_profile_picture\":null,\"user_type_id\":4,\"is_active\":0,\"last_login\":\"2025-08-11 20:10:51\",\"last_activity\":null,\"availability_status\":\"available\",\"availability_date\":null,\"availability_start_time\":null,\"availability_end_time\":null,\"availability_notes\":null,\"user_created\":\"2025-08-11 19:40:32\"}}', 1, 0, 'medium', '2025-08-11 12:45:59', '2025-08-12 07:53:22'),
(204, 'user_deleted', 'User ID 242 deleted', NULL, 1, NULL, NULL, NULL, NULL, '{\"action\":\"delete\",\"target_user_id\":242,\"user_type\":\"Unknown\",\"target_user_data\":false,\"updated_data\":[],\"deleted_user_data\":{\"user_id\":242,\"user_name\":\"adwad\",\"user_midname\":\"da\",\"user_lastname\":\"dawdwa\",\"user_pass\":\"dawdawd\",\"user_email\":\"dwadwadwa@gmail.com\",\"user_contact\":\"09686676066\",\"house_building_street\":\"adwadwa\",\"barangay\":\"dawd\",\"municipality_city\":\"dwadw\",\"province\":\"dawdw\",\"zip_code\":\"5645\",\"user_profile_picture\":null,\"user_type_id\":2,\"is_active\":0,\"last_login\":null,\"last_activity\":null,\"availability_status\":\"available\",\"availability_date\":null,\"availability_start_time\":null,\"availability_end_time\":null,\"availability_notes\":null,\"user_created\":\"2025-08-11 19:37:59\"}}', 1, 0, 'medium', '2025-08-11 12:46:01', '2025-08-12 07:53:22'),
(205, 'user_deleted', 'User ID 241 deleted', NULL, 1, NULL, NULL, NULL, NULL, '{\"action\":\"delete\",\"target_user_id\":241,\"user_type\":\"Unknown\",\"target_user_data\":false,\"updated_data\":[],\"deleted_user_data\":{\"user_id\":241,\"user_name\":\"awadaw\",\"user_midname\":\"dwada\",\"user_lastname\":\"dwadwa\",\"user_pass\":\"awadaw123\",\"user_email\":\"dwadwadwa@gmail.com\",\"user_contact\":\"09686676066\",\"house_building_street\":\"prk 4\",\"barangay\":\"A. O. Floirendo\",\"municipality_city\":\"Panabo City\",\"province\":\"Davao del Norte\",\"zip_code\":\"8105\",\"user_profile_picture\":null,\"user_type_id\":2,\"is_active\":0,\"last_login\":null,\"last_activity\":null,\"availability_status\":\"available\",\"availability_date\":null,\"availability_start_time\":null,\"availability_end_time\":null,\"availability_notes\":null,\"user_created\":\"2025-08-08 23:59:41\"}}', 1, 0, 'medium', '2025-08-11 12:46:02', '2025-08-12 07:53:22'),
(206, '', 'New customer user created: dwadw adwadw dadawdaw (dawdwadwa@gmail.com)', NULL, 1, NULL, NULL, NULL, NULL, '{\"action\":\"add\",\"target_user_id\":\"0\",\"user_type\":\"customer\",\"target_user_data\":null,\"updated_data\":{\"first_name\":\"dwadw\",\"middle_name\":\"adwadw\",\"last_name\":\"dadawdaw\",\"email\":\"dawdwadwa@gmail.com\",\"contact\":\"09686676066\",\"address\":\"adwadawd, A. O. Floirendo, Panabo City, Davao del Norte, 8105\",\"user_type_id\":\"4\"}}', 1, 0, 'medium', '2025-08-11 12:46:19', '2025-08-12 07:53:22'),
(207, '', 'User information updated: dwadw adwadw dadawdaw (dawdwadwa@gmail.com) - customer', NULL, 1, NULL, NULL, NULL, NULL, '{\"action\":\"edit\",\"target_user_id\":\"241\",\"user_type\":\"customer\",\"target_user_data\":{\"user_id\":241,\"full_name\":\"dwadw adwadw dadawdaw\",\"user_email\":\"dawdwadwa@gmail.com\",\"user_type_id\":4},\"updated_data\":{\"first_name\":\"dwadw\",\"middle_name\":\"adwadw\",\"last_name\":\"dadawdaw\",\"email\":\"dawdwadwa@gmail.com\",\"contact\":\"09686676066\",\"address\":\"adwadawd, dwadwd, dawd, dwadwawd, 6565\",\"password\":\"dwadawdwa\",\"user_type_id\":\"4\"}}', 1, 0, 'medium', '2025-08-11 12:46:30', '2025-08-12 07:53:22'),
(208, 'appointment_status_changed', 'Appointment #422 for Anna A Maslog (Maintenance) status changed from Pending to Declined', NULL, 1, 422, NULL, 'Pending', 'Declined', '{\"appointment_id\":\"422\",\"customer_name\":\"Anna A Maslog\",\"service_type\":\"Maintenance\",\"old_status\":\"Pending\",\"new_status\":\"Declined\",\"action_type\":\"decline\",\"justification\":\"awdwadwa\"}', 1, 0, 'medium', '2025-08-11 13:43:29', '2025-08-12 07:53:22'),
(209, 'appointment_status_changed', 'Your Maintenance appointment status has been updated to Declined. Reason: awdwadwa', 210, 1, 422, NULL, 'Pending', 'Declined', '{\"appointment_id\":\"422\",\"service_type\":\"Maintenance\",\"new_status\":\"Declined\",\"appointment_schedule\":\"2025-08-06 15:00:00\",\"customer_facing\":true,\"action_type\":\"decline\",\"justification\":\"awdwadwa\"}', 1, 0, 'high', '2025-08-11 13:43:29', '2025-08-14 00:24:36'),
(210, 'appointment_status_changed', 'Appointment #430 for Anna A Maslog (Maintenance) status changed from Pending to Declined', NULL, 1, 430, NULL, 'Pending', 'Declined', '{\"appointment_id\":\"430\",\"customer_name\":\"Anna A Maslog\",\"service_type\":\"Maintenance\",\"old_status\":\"Pending\",\"new_status\":\"Declined\",\"action_type\":\"decline\",\"justification\":\"dawwwwwwwwwwwwwwwwww\"}', 1, 0, 'medium', '2025-08-11 13:43:56', '2025-08-12 07:53:22'),
(211, 'appointment_status_changed', 'Your Maintenance appointment status has been updated to Declined. Reason: dawwwwwwwwwwwwwwwwww', 210, 1, 430, NULL, 'Pending', 'Declined', '{\"appointment_id\":\"430\",\"service_type\":\"Maintenance\",\"new_status\":\"Declined\",\"appointment_schedule\":\"2025-08-08 15:00:00\",\"customer_facing\":true,\"action_type\":\"decline\",\"justification\":\"dawwwwwwwwwwwwwwwwww\"}', 1, 0, 'high', '2025-08-11 13:43:56', '2025-08-14 00:24:36');
INSERT INTO `notification` (`notification_id`, `event_type`, `event_description`, `target_user_id`, `actor_user_id`, `related_appointment_id`, `related_invoice_id`, `old_status`, `new_status`, `additional_data`, `is_read`, `is_system_notification`, `priority`, `created_at`, `read_at`) VALUES
(212, '', 'User information updated: Anna A Maslog (anna@gmail.com) - customer', NULL, 1, NULL, NULL, NULL, NULL, '{\"action\":\"edit\",\"target_user_id\":\"210\",\"user_type\":\"customer\",\"target_user_data\":{\"user_id\":210,\"full_name\":\"Anna A Maslog\",\"user_email\":\"anna@gmail.com\",\"user_type_id\":4},\"updated_data\":{\"first_name\":\"Anna\",\"middle_name\":\"A\",\"last_name\":\"Maslog\",\"email\":\"anna@gmail.com\",\"contact\":\"90234234234\",\"address\":\"Pasulod sa kalubin-an, A. O. Floirendo, Panabo City, Davao del Norte, 8105\",\"password\":\"123\",\"user_type_id\":\"4\"}}', 1, 0, 'medium', '2025-08-12 08:08:33', '2025-08-12 08:08:49'),
(213, '', 'User information updated: Anna A Maslog (anna@gmail.com) - customer', NULL, 1, NULL, NULL, NULL, NULL, '{\"action\":\"edit\",\"target_user_id\":\"210\",\"user_type\":\"customer\",\"target_user_data\":{\"user_id\":210,\"full_name\":\"Anna A Maslog\",\"user_email\":\"anna@gmail.com\",\"user_type_id\":4},\"updated_data\":{\"first_name\":\"Anna\",\"middle_name\":\"A\",\"last_name\":\"Maslog\",\"email\":\"anna@gmail.com\",\"contact\":\"90234234234\",\"address\":\"Pasulod sa kalubin-an, A. O. Floirendo, Panabo City, Davao del Norte, 8105\",\"password\":\"123\",\"user_type_id\":\"4\"}}', 1, 0, 'medium', '2025-08-12 08:08:33', '2025-08-12 08:08:49'),
(214, '', 'User information updated: dwadw adwadw dadawdaw (dawdwadwa@gmail.com) - customer', NULL, 1, NULL, NULL, NULL, NULL, '{\"action\":\"edit\",\"target_user_id\":\"241\",\"user_type\":\"customer\",\"target_user_data\":{\"user_id\":241,\"full_name\":\"dwadw adwadw dadawdaw\",\"user_email\":\"dawdwadwa@gmail.com\",\"user_type_id\":4},\"updated_data\":{\"first_name\":\"dwadw\",\"middle_name\":\"adwadw\",\"last_name\":\"dadawdaw\",\"email\":\"dawdwadwa@gmail.com\",\"contact\":\"09686676066\",\"address\":\"adwadawd, Anibongan, Carmen, Davao del Norte, 8101\",\"password\":\"dwadawdwa\",\"user_type_id\":\"4\"}}', 1, 0, 'medium', '2025-08-12 08:08:45', '2025-08-12 08:08:49'),
(215, '', 'User information updated: dwadw adwadw dadawdaw (dawdwadwa@gmail.com) - customer', NULL, 1, NULL, NULL, NULL, NULL, '{\"action\":\"edit\",\"target_user_id\":\"241\",\"user_type\":\"customer\",\"target_user_data\":{\"user_id\":241,\"full_name\":\"dwadw adwadw dadawdaw\",\"user_email\":\"dawdwadwa@gmail.com\",\"user_type_id\":4},\"updated_data\":{\"first_name\":\"dwadw\",\"middle_name\":\"adwadw\",\"last_name\":\"dadawdaw\",\"email\":\"dawdwadwa@gmail.com\",\"contact\":\"09686676066\",\"address\":\"adwadawd, Anibongan, Carmen, Davao del Norte, 8101\",\"password\":\"dwadawdwa\",\"user_type_id\":\"4\"}}', 1, 0, 'medium', '2025-08-12 08:08:45', '2025-08-12 08:08:49'),
(216, 'appointment_status_changed', 'Appointment #425 for Anna A Maslog (appType) status changed from Pending to Approved', NULL, 1, 425, NULL, 'Pending', 'Approved', '{\"appointment_id\":\"425\",\"customer_name\":\"Anna A Maslog\",\"service_type\":\"appType\",\"old_status\":\"Pending\",\"new_status\":\"Approved\",\"action_type\":\"accept\"}', 1, 0, 'medium', '2025-08-12 12:04:26', '2025-08-12 12:49:08'),
(217, 'appointment_status_changed', 'Your appType appointment status has been updated to Approved', 210, 1, 425, NULL, 'Pending', 'Approved', '{\"appointment_id\":\"425\",\"service_type\":\"appType\",\"new_status\":\"Approved\",\"appointment_schedule\":\"2025-08-08 08:00:00\",\"customer_facing\":true,\"action_type\":\"accept\"}', 1, 0, 'high', '2025-08-12 12:04:26', '2025-08-14 00:24:36'),
(218, '', 'Your appointment for appType service on Aug 8, 2025 8:00 AM has been ACCEPTED by admin/staff. You can now start working on this task.', 197, 1, 425, NULL, NULL, NULL, '{\"appointment_id\":\"425\",\"customer_name\":\"Anna A Maslog\",\"service_type\":\"appType\",\"appliance_type\":\"test\",\"appointment_schedule\":\"2025-08-08 08:00:00\",\"technician_role\":\"primary\",\"technician_facing\":true,\"action_type\":\"accept\",\"partner_technician\":null,\"is_team_assignment\":false}', 0, 0, 'high', '2025-08-12 12:04:26', NULL),
(219, 'appointment_status_changed', 'Appointment #424 for Anna A Maslog (appType) status changed from Pending to Approved', NULL, 1, 424, NULL, 'Pending', 'Approved', '{\"appointment_id\":\"424\",\"customer_name\":\"Anna A Maslog\",\"service_type\":\"appType\",\"old_status\":\"Pending\",\"new_status\":\"Approved\",\"action_type\":\"accept\"}', 1, 0, 'medium', '2025-08-12 14:59:47', '2025-08-12 15:01:23'),
(220, 'appointment_status_changed', 'Your appType appointment status has been updated to Approved', 210, 1, 424, NULL, 'Pending', 'Approved', '{\"appointment_id\":\"424\",\"service_type\":\"appType\",\"new_status\":\"Approved\",\"appointment_schedule\":\"2025-08-28 16:00:00\",\"customer_facing\":true,\"action_type\":\"accept\"}', 1, 0, 'high', '2025-08-12 14:59:47', '2025-08-14 00:24:36'),
(221, '', 'Your appointment for appType service on Aug 28, 2025 4:00 PM has been ACCEPTED by admin/staff. You can now start working on this task.', 196, 1, 424, NULL, NULL, NULL, '{\"appointment_id\":\"424\",\"customer_name\":\"Anna A Maslog\",\"service_type\":\"appType\",\"appliance_type\":\"Not Specified\",\"appointment_schedule\":\"2025-08-28 16:00:00\",\"technician_role\":\"primary\",\"technician_facing\":true,\"action_type\":\"accept\",\"partner_technician\":null,\"is_team_assignment\":false}', 1, 0, 'high', '2025-08-12 14:59:47', '2025-08-12 15:12:38'),
(222, 'appointment_status_changed', 'Appointment #457 for Anna A Maslog (Maintenance) status changed from Unpaid to Paid', NULL, 1, 457, NULL, 'Unpaid', 'Paid', '{\"appointment_id\":\"457\",\"customer_name\":\"Anna A Maslog\",\"service_type\":\"Maintenance\",\"old_status\":\"Unpaid\",\"new_status\":\"Paid\",\"action_type\":\"payment_update\"}', 1, 0, 'medium', '2025-08-12 15:00:34', '2025-08-12 15:01:23'),
(223, 'payment_status_changed', 'Payment received for your Maintenance appointment. Amount: ₱2,222.00', 210, 1, 457, NULL, 'Unpaid', 'Paid', '{\"appointment_id\":\"457\",\"service_type\":\"Maintenance\",\"payment_amount\":\"2222\",\"old_payment_status\":\"Unpaid\",\"new_payment_status\":\"Paid\",\"appointment_schedule\":\"2026-01-02 09:00:00\",\"customer_facing\":true,\"action_type\":\"payment_update\"}', 1, 0, 'high', '2025-08-12 15:00:34', '2025-08-14 00:24:36'),
(224, 'appointment_status_changed', 'Appointment #421 for Anna A Maslog (Maintenance) status changed from Pending to Approved', NULL, 1, 421, NULL, 'Pending', 'Approved', '{\"appointment_id\":\"421\",\"customer_name\":\"Anna A Maslog\",\"service_type\":\"Maintenance\",\"old_status\":\"Pending\",\"new_status\":\"Approved\",\"action_type\":\"accept\"}', 1, 0, 'medium', '2025-08-14 00:35:34', '2025-08-14 00:52:55'),
(225, 'appointment_status_changed', 'Your Maintenance appointment status has been updated to Approved', 210, 1, 421, NULL, 'Pending', 'Approved', '{\"appointment_id\":\"421\",\"service_type\":\"Maintenance\",\"new_status\":\"Approved\",\"appointment_schedule\":\"2025-08-05 15:00:00\",\"customer_facing\":true,\"action_type\":\"accept\"}', 1, 0, 'high', '2025-08-14 00:35:34', '2025-08-14 02:28:09'),
(226, '', 'Your appointment for Maintenance service on Aug 5, 2025 3:00 PM has been ACCEPTED by admin/staff. You can now start working on this task.', 196, 1, 421, NULL, NULL, NULL, '{\"appointment_id\":\"421\",\"customer_name\":\"Anna A Maslog\",\"service_type\":\"Maintenance\",\"appliance_type\":\"Not Specified\",\"appointment_schedule\":\"2025-08-05 15:00:00\",\"technician_role\":\"primary\",\"technician_facing\":true,\"action_type\":\"accept\",\"partner_technician\":null,\"is_team_assignment\":false}', 0, 0, 'high', '2025-08-14 00:35:34', NULL),
(227, 'appointment_status_changed', 'Appointment #419 for Anna A Maslog (Repair) status changed from Pending to Approved', NULL, 1, 419, NULL, 'Pending', 'Approved', '{\"appointment_id\":\"419\",\"customer_name\":\"Anna A Maslog\",\"service_type\":\"Repair\",\"old_status\":\"Pending\",\"new_status\":\"Approved\",\"action_type\":\"accept\"}', 1, 0, 'medium', '2025-08-14 00:42:18', '2025-08-14 00:52:55'),
(228, 'appointment_status_changed', 'Your Repair appointment status has been updated to Approved', 210, 1, 419, NULL, 'Pending', 'Approved', '{\"appointment_id\":\"419\",\"service_type\":\"Repair\",\"new_status\":\"Approved\",\"appointment_schedule\":\"2025-08-08 08:00:00\",\"customer_facing\":true,\"action_type\":\"accept\"}', 1, 0, 'high', '2025-08-14 00:42:18', '2025-08-14 02:28:09'),
(229, '', 'Your appointment for Repair service on Aug 8, 2025 8:00 AM has been ACCEPTED by admin/staff. You can now start working on this task.', 196, 1, 419, NULL, NULL, NULL, '{\"appointment_id\":\"419\",\"customer_name\":\"Anna A Maslog\",\"service_type\":\"Repair\",\"appliance_type\":\"Not Specified\",\"appointment_schedule\":\"2025-08-08 08:00:00\",\"technician_role\":\"primary\",\"technician_facing\":true,\"action_type\":\"accept\",\"partner_technician\":null,\"is_team_assignment\":false}', 0, 0, 'high', '2025-08-14 00:42:18', NULL),
(230, '', 'User information updated: dwadw adwadw dadawdawdwadwadaw (dawdwadwa@gmail.com) - customer', NULL, 1, NULL, NULL, NULL, NULL, '{\"action\":\"edit\",\"target_user_id\":\"241\",\"user_type\":\"customer\",\"target_user_data\":{\"user_id\":241,\"full_name\":\"dwadw adwadw dadawdawdwadwadaw\",\"user_email\":\"dawdwadwa@gmail.com\",\"user_type_id\":4},\"updated_data\":{\"first_name\":\"dwadw\",\"middle_name\":\"adwadw\",\"last_name\":\"dadawdawdwadwadaw\",\"email\":\"dawdwadwa@gmail.com\",\"contact\":\"09686676066\",\"address\":\"adwadawd, Anibongan, Carmen, Davao del Norte, 8101\",\"password\":\"dwadawdwa\",\"user_type_id\":\"4\"}}', 1, 0, 'medium', '2025-08-14 00:42:42', '2025-08-14 00:52:55'),
(231, '', 'User information updated: dwadw adwadw dadawdawdwadwadaw (dawdwadwa@gmail.com) - customer', NULL, 1, NULL, NULL, NULL, NULL, '{\"action\":\"edit\",\"target_user_id\":\"241\",\"user_type\":\"customer\",\"target_user_data\":{\"user_id\":241,\"full_name\":\"dwadw adwadw dadawdawdwadwadaw\",\"user_email\":\"dawdwadwa@gmail.com\",\"user_type_id\":4},\"updated_data\":{\"first_name\":\"dwadw\",\"middle_name\":\"adwadw\",\"last_name\":\"dadawdawdwadwadaw\",\"email\":\"dawdwadwa@gmail.com\",\"contact\":\"09686676066\",\"address\":\"adwadawd, Anibongan, Carmen, Davao del Norte, 8101\",\"password\":\"dwadawdwa\",\"user_type_id\":\"4\"}}', 1, 0, 'medium', '2025-08-14 00:42:42', '2025-08-14 00:52:55'),
(232, '', 'New technician user created: tech tech techy (tecy@gmail.com)', NULL, 1, NULL, NULL, NULL, NULL, '{\"action\":\"add\",\"target_user_id\":\"0\",\"user_type\":\"technician\",\"target_user_data\":null,\"updated_data\":{\"first_name\":\"tech\",\"middle_name\":\"tech\",\"last_name\":\"techy\",\"email\":\"tecy@gmail.com\",\"contact\":\"09686676066\",\"address\":\"tae, A. O. Floirendo, Panabo City, Davao del Norte, 8105\",\"user_type_id\":\"2\"}}', 1, 0, 'medium', '2025-08-14 00:47:26', '2025-08-14 00:52:55'),
(233, '', 'New technician user created: tech tech techy (tecy@gmail.com)', NULL, 1, NULL, NULL, NULL, NULL, '{\"action\":\"add\",\"target_user_id\":\"0\",\"user_type\":\"technician\",\"target_user_data\":null,\"updated_data\":{\"first_name\":\"tech\",\"middle_name\":\"tech\",\"last_name\":\"techy\",\"email\":\"tecy@gmail.com\",\"contact\":\"09686676066\",\"address\":\"tae, A. O. Floirendo, Panabo City, Davao del Norte, 8105\",\"user_type_id\":\"2\"}}', 1, 0, 'medium', '2025-08-14 00:47:26', '2025-08-14 00:52:55'),
(234, 'appointment_status_changed', 'Appointment #404 for Miya Maslog Braga (Unknown Service) status changed from Pending to Approved', NULL, 1, 404, NULL, 'Pending', 'Approved', '{\"appointment_id\":\"404\",\"customer_name\":\"Miya Maslog Braga\",\"service_type\":\"Unknown Service\",\"old_status\":\"Pending\",\"new_status\":\"Approved\",\"action_type\":\"accept\"}', 1, 0, 'medium', '2025-08-14 00:48:06', '2025-08-14 00:52:55'),
(235, 'appointment_status_changed', 'Your Unknown Service appointment status has been updated to Approved', 229, 1, 404, NULL, 'Pending', 'Approved', '{\"appointment_id\":\"404\",\"service_type\":\"Unknown Service\",\"new_status\":\"Approved\",\"appointment_schedule\":\"2025-05-26 13:28:00\",\"customer_facing\":true,\"action_type\":\"accept\"}', 0, 0, 'high', '2025-08-14 00:48:06', NULL),
(236, '', 'Your appointment for Unknown Service service on May 26, 2025 1:28 PM has been ACCEPTED by admin/staff. You can now start working on this task.', 196, 1, 404, NULL, NULL, NULL, '{\"appointment_id\":\"404\",\"customer_name\":\"Miya Maslog Braga\",\"service_type\":\"Unknown Service\",\"appliance_type\":\"Not Specified\",\"appointment_schedule\":\"2025-05-26 13:28:00\",\"technician_role\":\"primary\",\"technician_facing\":true,\"action_type\":\"accept\",\"partner_technician\":null,\"is_team_assignment\":false}', 0, 0, 'high', '2025-08-14 00:48:06', NULL),
(237, 'appointment_status_changed', 'Appointment #456 for Anna A Maslog (Repair) status changed from Unpaid to Paid', NULL, 1, 456, NULL, 'Unpaid', 'Paid', '{\"appointment_id\":\"456\",\"customer_name\":\"Anna A Maslog\",\"service_type\":\"Repair\",\"old_status\":\"Unpaid\",\"new_status\":\"Paid\",\"action_type\":\"payment_update\"}', 1, 0, 'medium', '2025-08-14 00:49:23', '2025-08-14 00:52:55'),
(238, 'payment_status_changed', 'Payment received for your Repair appointment. Amount: ₱750.00', 210, 1, 456, NULL, 'Unpaid', 'Paid', '{\"appointment_id\":\"456\",\"service_type\":\"Repair\",\"payment_amount\":\"750\",\"old_payment_status\":\"Unpaid\",\"new_payment_status\":\"Paid\",\"appointment_schedule\":\"2026-01-01 13:00:00\",\"customer_facing\":true,\"action_type\":\"payment_update\"}', 1, 0, 'high', '2025-08-14 00:49:23', '2025-08-14 02:28:09'),
(239, 'appointment_status_changed', 'Appointment #400 for qwert q qwert (Unknown Service) status changed from Pending to Declined', NULL, 1, 400, NULL, 'Pending', 'Declined', '{\"appointment_id\":\"400\",\"customer_name\":\"qwert q qwert\",\"service_type\":\"Unknown Service\",\"old_status\":\"Pending\",\"new_status\":\"Declined\",\"action_type\":\"decline\",\"justification\":\"dwadwadwa\"}', 1, 0, 'medium', '2025-08-14 00:49:34', '2025-08-14 00:52:55'),
(240, 'appointment_status_changed', 'Your Unknown Service appointment status has been updated to Declined. Reason: dwadwadwa', 223, 1, 400, NULL, 'Pending', 'Declined', '{\"appointment_id\":\"400\",\"service_type\":\"Unknown Service\",\"new_status\":\"Declined\",\"appointment_schedule\":\"2025-05-30 10:45:00\",\"customer_facing\":true,\"action_type\":\"decline\",\"justification\":\"dwadwadwa\"}', 0, 0, 'high', '2025-08-14 00:49:34', NULL),
(241, '', 'New staff user created: dwad dwad dwadw (dwadwa@gmail.com)', NULL, 1, NULL, NULL, NULL, NULL, '{\"action\":\"add\",\"target_user_id\":\"0\",\"user_type\":\"staff\",\"target_user_data\":null,\"updated_data\":{\"first_name\":\"dwad\",\"middle_name\":\"dwad\",\"last_name\":\"dwadw\",\"email\":\"dwadwa@gmail.com\",\"contact\":\"09686676066\",\"address\":\"dwadwa, A. O. Floirendo, Panabo City, Davao del Norte, 8105\",\"user_type_id\":\"3\"}}', 1, 0, 'medium', '2025-08-14 01:09:26', '2025-08-14 01:16:03'),
(242, '', 'New staff user created: dwad dwad dwadw (dwadwa@gmail.com)', NULL, 1, NULL, NULL, NULL, NULL, '{\"action\":\"add\",\"target_user_id\":\"0\",\"user_type\":\"staff\",\"target_user_data\":null,\"updated_data\":{\"first_name\":\"dwad\",\"middle_name\":\"dwad\",\"last_name\":\"dwadw\",\"email\":\"dwadwa@gmail.com\",\"contact\":\"09686676066\",\"address\":\"dwadwa, A. O. Floirendo, Panabo City, Davao del Norte, 8105\",\"user_type_id\":\"3\"}}', 1, 0, 'medium', '2025-08-14 01:09:26', '2025-08-14 01:16:03'),
(243, 'user_deleted', 'User ID 245 deleted', NULL, 1, NULL, NULL, NULL, NULL, '{\"action\":\"delete\",\"target_user_id\":245,\"user_type\":\"Unknown\",\"target_user_data\":false,\"updated_data\":[],\"deleted_user_data\":{\"user_id\":245,\"user_name\":\"dwad\",\"user_midname\":\"dwad\",\"user_lastname\":\"dwadw\",\"user_pass\":\"dwadwadaw\",\"user_email\":\"dwadwa@gmail.com\",\"user_contact\":\"09686676066\",\"house_building_street\":\"dwadwa\",\"barangay\":\"A. O. Floirendo\",\"municipality_city\":\"Panabo City\",\"province\":\"Davao del Norte\",\"zip_code\":\"8105\",\"user_profile_picture\":null,\"user_type_id\":3,\"is_active\":0,\"last_login\":null,\"last_activity\":null,\"availability_status\":\"available\",\"availability_date\":null,\"availability_start_time\":null,\"availability_end_time\":null,\"availability_notes\":null,\"user_created\":\"2025-08-14 09:09:26\"}}', 1, 0, 'medium', '2025-08-14 01:14:15', '2025-08-14 01:16:03'),
(244, 'user_deleted', 'User ID 243 deleted', NULL, 1, NULL, NULL, NULL, NULL, '{\"action\":\"delete\",\"target_user_id\":243,\"user_type\":\"Unknown\",\"target_user_data\":false,\"updated_data\":[],\"deleted_user_data\":{\"user_id\":243,\"user_name\":\"tech\",\"user_midname\":\"tech\",\"user_lastname\":\"techy\",\"user_pass\":\"techy123\",\"user_email\":\"tecy@gmail.com\",\"user_contact\":\"09686676066\",\"house_building_street\":\"tae\",\"barangay\":\"A. O. Floirendo\",\"municipality_city\":\"Panabo City\",\"province\":\"Davao del Norte\",\"zip_code\":\"8105\",\"user_profile_picture\":null,\"user_type_id\":2,\"is_active\":0,\"last_login\":null,\"last_activity\":null,\"availability_status\":\"available\",\"availability_date\":null,\"availability_start_time\":null,\"availability_end_time\":null,\"availability_notes\":null,\"user_created\":\"2025-08-14 08:47:26\"}}', 1, 0, 'medium', '2025-08-14 01:14:20', '2025-08-14 01:16:03'),
(245, '', 'New customer user created: test test test (test@gmail.com)', NULL, 1, NULL, NULL, NULL, NULL, '{\"action\":\"add\",\"target_user_id\":\"0\",\"user_type\":\"customer\",\"target_user_data\":null,\"updated_data\":{\"first_name\":\"test\",\"middle_name\":\"test\",\"last_name\":\"test\",\"email\":\"test@gmail.com\",\"contact\":\"09686676066\",\"address\":\"test, Alejal, Carmen, Davao del Norte, 8101\",\"user_type_id\":\"4\"}}', 1, 0, 'medium', '2025-08-14 01:14:44', '2025-08-14 01:16:03'),
(246, '', 'New customer user created: test test test (test@gmail.com)', NULL, 1, NULL, NULL, NULL, NULL, '{\"action\":\"add\",\"target_user_id\":\"0\",\"user_type\":\"customer\",\"target_user_data\":null,\"updated_data\":{\"first_name\":\"test\",\"middle_name\":\"test\",\"last_name\":\"test\",\"email\":\"test@gmail.com\",\"contact\":\"09686676066\",\"address\":\"test, Alejal, Carmen, Davao del Norte, 8101\",\"user_type_id\":\"4\"}}', 1, 0, 'medium', '2025-08-14 01:14:44', '2025-08-14 01:16:03'),
(247, '', 'New customer user created: test test test (test@gmail.com)', NULL, 1, NULL, NULL, NULL, NULL, '{\"action\":\"add\",\"target_user_id\":\"0\",\"user_type\":\"customer\",\"target_user_data\":null,\"updated_data\":{\"first_name\":\"test\",\"middle_name\":\"test\",\"last_name\":\"test\",\"email\":\"test@gmail.com\",\"contact\":\"09686676066\",\"address\":\"test, Alejal, Carmen, Davao del Norte, 8101\",\"user_type_id\":\"4\"}}', 1, 0, 'medium', '2025-08-14 01:14:44', '2025-08-14 01:16:03'),
(248, 'user_deleted', 'User ID 247 deleted', NULL, 1, NULL, NULL, NULL, NULL, '{\"action\":\"delete\",\"target_user_id\":247,\"user_type\":\"Unknown\",\"target_user_data\":false,\"updated_data\":[],\"deleted_user_data\":{\"user_id\":247,\"user_name\":\"test\",\"user_midname\":\"test\",\"user_lastname\":\"test\",\"user_pass\":\"testing123\",\"user_email\":\"test@gmail.com\",\"user_contact\":\"09686676066\",\"house_building_street\":\"test\",\"barangay\":\"Alejal\",\"municipality_city\":\"Carmen\",\"province\":\"Davao del Norte\",\"zip_code\":\"8101\",\"user_profile_picture\":null,\"user_type_id\":4,\"is_active\":0,\"last_login\":null,\"last_activity\":null,\"availability_status\":\"available\",\"availability_date\":null,\"availability_start_time\":null,\"availability_end_time\":null,\"availability_notes\":null,\"user_created\":\"2025-08-14 09:14:44\"}}', 1, 0, 'medium', '2025-08-14 01:16:06', '2025-08-14 01:21:04'),
(249, 'user_deleted', 'User ID 246 deleted', NULL, 1, NULL, NULL, NULL, NULL, '{\"action\":\"delete\",\"target_user_id\":246,\"user_type\":\"Unknown\",\"target_user_data\":false,\"updated_data\":[],\"deleted_user_data\":{\"user_id\":246,\"user_name\":\"test\",\"user_midname\":\"test\",\"user_lastname\":\"test\",\"user_pass\":\"testing123\",\"user_email\":\"test@gmail.com\",\"user_contact\":\"09686676066\",\"house_building_street\":\"test\",\"barangay\":\"Alejal\",\"municipality_city\":\"Carmen\",\"province\":\"Davao del Norte\",\"zip_code\":\"8101\",\"user_profile_picture\":null,\"user_type_id\":4,\"is_active\":0,\"last_login\":null,\"last_activity\":null,\"availability_status\":\"available\",\"availability_date\":null,\"availability_start_time\":null,\"availability_end_time\":null,\"availability_notes\":null,\"user_created\":\"2025-08-14 09:14:44\"}}', 1, 0, 'medium', '2025-08-14 01:16:10', '2025-08-14 01:21:04'),
(250, '', 'New customer user created: wew ewe wew (wew@gmail.com)', NULL, 1, NULL, NULL, NULL, NULL, '{\"action\":\"add\",\"target_user_id\":\"0\",\"user_type\":\"customer\",\"target_user_data\":null,\"updated_data\":{\"first_name\":\"wew\",\"middle_name\":\"ewe\",\"last_name\":\"wew\",\"email\":\"wew@gmail.com\",\"contact\":\"09686676066\",\"address\":\"wew, Anibongan, Carmen, Davao del Norte, 8101\",\"user_type_id\":\"4\"}}', 1, 0, 'medium', '2025-08-14 01:17:44', '2025-08-14 01:21:04'),
(251, '', 'New customer user created: wewewew213 wewe2132 e (ewdwadwa@gmail.com)', NULL, 1, NULL, NULL, NULL, NULL, '{\"action\":\"add\",\"target_user_id\":\"0\",\"user_type\":\"customer\",\"target_user_data\":null,\"updated_data\":{\"first_name\":\"wewewew213\",\"middle_name\":\"wewe2132\",\"last_name\":\"e\",\"email\":\"ewdwadwa@gmail.com\",\"contact\":\"09686676066\",\"address\":\"dwa, A. O. Floirendo, Panabo City, Davao del Norte, 8105\",\"user_type_id\":\"4\"}}', 1, 0, 'medium', '2025-08-14 01:19:34', '2025-08-14 01:21:04'),
(252, '', 'New customer user created: wewewew213 wewe2132 e (ewdwadwa@gmail.com)', NULL, 1, NULL, NULL, NULL, NULL, '{\"action\":\"add\",\"target_user_id\":\"0\",\"user_type\":\"customer\",\"target_user_data\":null,\"updated_data\":{\"first_name\":\"wewewew213\",\"middle_name\":\"wewe2132\",\"last_name\":\"e\",\"email\":\"ewdwadwa@gmail.com\",\"contact\":\"09686676066\",\"address\":\"dwa, A. O. Floirendo, Panabo City, Davao del Norte, 8105\",\"user_type_id\":\"4\"}}', 1, 0, 'medium', '2025-08-14 01:19:34', '2025-08-14 01:21:04'),
(253, 'user_deleted', 'User ID 248 deleted', NULL, 1, NULL, NULL, NULL, NULL, '{\"action\":\"delete\",\"target_user_id\":248,\"user_type\":\"Unknown\",\"target_user_data\":false,\"updated_data\":[],\"deleted_user_data\":{\"user_id\":248,\"user_name\":\"wewewew213\",\"user_midname\":\"wewe2132\",\"user_lastname\":\"e\",\"user_pass\":\"wew123232\",\"user_email\":\"ewdwadwa@gmail.com\",\"user_contact\":\"09686676066\",\"house_building_street\":\"dwa\",\"barangay\":\"A. O. Floirendo\",\"municipality_city\":\"Panabo City\",\"province\":\"Davao del Norte\",\"zip_code\":\"8105\",\"user_profile_picture\":null,\"user_type_id\":4,\"is_active\":0,\"last_login\":null,\"last_activity\":null,\"availability_status\":\"available\",\"availability_date\":null,\"availability_start_time\":null,\"availability_end_time\":null,\"availability_notes\":null,\"user_created\":\"2025-08-14 09:19:34\"}}', 1, 0, 'medium', '2025-08-14 01:21:11', '2025-08-14 01:30:05'),
(254, '', 'User information updated: tech tech techy (tecy@gmail.com) - technician', NULL, 1, NULL, NULL, NULL, NULL, '{\"action\":\"edit\",\"target_user_id\":\"242\",\"user_type\":\"technician\",\"target_user_data\":{\"user_id\":242,\"full_name\":\"tech tech techy\",\"user_email\":\"tecy@gmail.com\",\"user_type_id\":2},\"updated_data\":{\"first_name\":\"tech\",\"middle_name\":\"tech\",\"last_name\":\"techy\",\"email\":\"tecy@gmail.com\",\"contact\":\"09686676066\",\"address\":\"tae, Anibongan, Carmen, Davao del Norte, 8101\",\"password\":\"techy123\",\"user_type_id\":\"2\"}}', 1, 0, 'medium', '2025-08-14 01:34:24', '2025-08-14 02:13:06'),
(255, '', 'User information updated: tech tech techy (tecy@gmail.com) - technician', NULL, 1, NULL, NULL, NULL, NULL, '{\"action\":\"edit\",\"target_user_id\":\"242\",\"user_type\":\"technician\",\"target_user_data\":{\"user_id\":242,\"full_name\":\"tech tech techy\",\"user_email\":\"tecy@gmail.com\",\"user_type_id\":2},\"updated_data\":{\"first_name\":\"tech\",\"middle_name\":\"tech\",\"last_name\":\"techy\",\"email\":\"tecy@gmail.com\",\"contact\":\"09686676066\",\"address\":\"tae, Anibongan, Carmen, Davao del Norte, 8101\",\"password\":\"techy123\",\"user_type_id\":\"2\"}}', 1, 0, 'medium', '2025-08-14 01:34:24', '2025-08-14 02:13:06'),
(256, '', 'User information updated: Anna A Maslog (anna@gmail.com) - customer', NULL, 1, NULL, NULL, NULL, NULL, '{\"action\":\"edit\",\"target_user_id\":\"210\",\"user_type\":\"customer\",\"target_user_data\":{\"user_id\":210,\"full_name\":\"Anna A Maslog\",\"user_email\":\"anna@gmail.com\",\"user_type_id\":4},\"updated_data\":{\"first_name\":\"Anna\",\"middle_name\":\"A\",\"last_name\":\"Maslog\",\"email\":\"anna@gmail.com\",\"contact\":\"90234234234\",\"address\":\"Pasulod sa kalubin-an, Alejal, Carmen, Davao del Norte, 8101\",\"password\":\"123\",\"user_type_id\":\"4\"}}', 1, 0, 'medium', '2025-08-14 02:08:40', '2025-08-14 02:13:06'),
(257, '', 'User information updated: Anna A Maslog (anna@gmail.com) - customer', NULL, 1, NULL, NULL, NULL, NULL, '{\"action\":\"edit\",\"target_user_id\":\"210\",\"user_type\":\"customer\",\"target_user_data\":{\"user_id\":210,\"full_name\":\"Anna A Maslog\",\"user_email\":\"anna@gmail.com\",\"user_type_id\":4},\"updated_data\":{\"first_name\":\"Anna\",\"middle_name\":\"A\",\"last_name\":\"Maslog\",\"email\":\"anna@gmail.com\",\"contact\":\"90234234234\",\"address\":\"Pasulod sa kalubin-an, Alejal, Carmen, Davao del Norte, 8101\",\"password\":\"123\",\"user_type_id\":\"4\"}}', 1, 0, 'medium', '2025-08-14 02:08:40', '2025-08-14 02:13:06'),
(258, '', 'User information updated: jia opaw opaw (jiaopaw@gmail.com) - technician', NULL, 1, NULL, NULL, NULL, NULL, '{\"action\":\"edit\",\"target_user_id\":\"253\",\"user_type\":\"technician\",\"target_user_data\":{\"user_id\":253,\"full_name\":\"jia opaw opaw\",\"user_email\":\"jiaopaw@gmail.com\",\"user_type_id\":2},\"updated_data\":{\"first_name\":\"jia\",\"middle_name\":\"opaw\",\"last_name\":\"opaw\",\"email\":\"jiaopaw@gmail.com\",\"contact\":\"09686676066\",\"address\":\"opawcabili, A. O. Floirendo, Panabo City, Davao del Norte, 8105\",\"password\":\"Jiaopaw123\",\"user_type_id\":\"2\"}}', 1, 0, 'medium', '2025-08-14 03:40:33', '2025-08-14 09:41:16'),
(259, '', 'User information updated: jia opaw opaw (jiaopaw@gmail.com) - technician', NULL, 1, NULL, NULL, NULL, NULL, '{\"action\":\"edit\",\"target_user_id\":\"253\",\"user_type\":\"technician\",\"target_user_data\":{\"user_id\":253,\"full_name\":\"jia opaw opaw\",\"user_email\":\"jiaopaw@gmail.com\",\"user_type_id\":2},\"updated_data\":{\"first_name\":\"jia\",\"middle_name\":\"opaw\",\"last_name\":\"opaw\",\"email\":\"jiaopaw@gmail.com\",\"contact\":\"09686676066\",\"address\":\"opawcabili, A. O. Floirendo, Panabo City, Davao del Norte, 8105\",\"password\":\"Jiaopaw123\",\"user_type_id\":\"2\"}}', 1, 0, 'medium', '2025-08-14 03:40:33', '2025-08-14 09:41:16'),
(260, '', 'User information updated: sabaw sab daw sab daw (sabdaw@gmail.com) - customer', NULL, 1, NULL, NULL, NULL, NULL, '{\"action\":\"edit\",\"target_user_id\":\"248\",\"user_type\":\"customer\",\"target_user_data\":{\"user_id\":248,\"full_name\":\"sabaw sab daw sab daw\",\"user_email\":\"sabdaw@gmail.com\",\"user_type_id\":4},\"updated_data\":{\"first_name\":\"sabaw\",\"middle_name\":\"sab daw\",\"last_name\":\"sab daw\",\"email\":\"sabdaw@gmail.com\",\"contact\":\"09686676066\",\"address\":\"tae, Anibongan, Carmen, Davao del Norte, 8101\",\"password\":\"Sabaw123\",\"user_type_id\":\"4\"}}', 1, 0, 'medium', '2025-08-14 03:41:37', '2025-08-14 09:41:16'),
(261, '', 'User information updated: sabaw sab daw sab daw (sabdaw@gmail.com) - customer', NULL, 1, NULL, NULL, NULL, NULL, '{\"action\":\"edit\",\"target_user_id\":\"248\",\"user_type\":\"customer\",\"target_user_data\":{\"user_id\":248,\"full_name\":\"sabaw sab daw sab daw\",\"user_email\":\"sabdaw@gmail.com\",\"user_type_id\":4},\"updated_data\":{\"first_name\":\"sabaw\",\"middle_name\":\"sab daw\",\"last_name\":\"sab daw\",\"email\":\"sabdaw@gmail.com\",\"contact\":\"09686676066\",\"address\":\"tae, Anibongan, Carmen, Davao del Norte, 8101\",\"password\":\"Sabaw123\",\"user_type_id\":\"4\"}}', 1, 0, 'medium', '2025-08-14 03:41:37', '2025-08-14 09:41:16'),
(262, '', 'User information updated: aassswwww adwadw dawdwada (dwadssswadwa@gmail.com) - customer', NULL, 1, NULL, NULL, NULL, NULL, '{\"action\":\"edit\",\"target_user_id\":\"255\",\"user_type\":\"customer\",\"target_user_data\":{\"user_id\":255,\"full_name\":\"aassswwww adwadw dawdwada\",\"user_email\":\"dwadssswadwa@gmail.com\",\"user_type_id\":4},\"updated_data\":{\"first_name\":\"aassswwww\",\"middle_name\":\"adwadw\",\"last_name\":\"dawdwada\",\"email\":\"dwadssswadwa@gmail.com\",\"contact\":\"09686676066\",\"address\":\"dwadwaddss, A. O. Floirendo, Panabo City, Davao del Norte, 8105\",\"password\":\"$2y$10$kxyxeqcBjbKKZpwZOn8yM.7eMiwL3zdTdIjOHHvl2sQEm5JMGAmau\",\"user_type_id\":\"4\"}}', 1, 0, 'medium', '2025-08-14 03:49:38', '2025-08-14 09:41:16'),
(263, 'user_deleted', 'User ID 255 deleted', NULL, 1, NULL, NULL, NULL, NULL, '{\"action\":\"delete\",\"target_user_id\":255,\"user_type\":\"Unknown\",\"target_user_data\":false,\"updated_data\":[],\"deleted_user_data\":{\"user_id\":255,\"user_name\":\"aassswwww\",\"user_midname\":\"adwadw\",\"user_lastname\":\"dawdwada\",\"user_pass\":\"$2y$10$kxyxeqcBjbKKZpwZOn8yM.7eMiwL3zdTdIjOHHvl2sQEm5JMGAmau\",\"user_email\":\"dwadssswadwa@gmail.com\",\"user_contact\":\"09686676066\",\"house_building_street\":\"dwadwaddss\",\"barangay\":\"A. O. Floirendo\",\"municipality_city\":\"Panabo City\",\"province\":\"Davao del Norte\",\"zip_code\":\"8105\",\"user_profile_picture\":null,\"user_type_id\":4,\"is_active\":0,\"last_login\":null,\"last_activity\":null,\"availability_status\":\"available\",\"availability_date\":null,\"availability_start_time\":null,\"availability_end_time\":null,\"availability_notes\":null,\"user_created\":\"2025-08-14 11:47:11\"}}', 1, 0, 'medium', '2025-08-14 03:49:45', '2025-08-14 09:41:16'),
(264, '', 'User information updated: Jundie  Linogan (jundielinogan@gmail.com) - technician', NULL, 1, NULL, NULL, NULL, NULL, '{\"action\":\"edit\",\"target_user_id\":\"203\",\"user_type\":\"technician\",\"target_user_data\":{\"user_id\":203,\"full_name\":\"Jundie  Linogan\",\"user_email\":\"jundielinogan@gmail.com\",\"user_type_id\":2},\"updated_data\":{\"first_name\":\"Jundie\",\"middle_name\":\"\",\"last_name\":\"Linogan\",\"email\":\"jundielinogan@gmail.com\",\"contact\":\"09642135995\",\"address\":\"Purok 4-A, A. O. Floirendo, Panabo City, Davao del Norte, 8105\",\"password\":\"jundielinogan123\",\"user_type_id\":\"2\"}}', 1, 0, 'medium', '2025-08-14 10:40:04', '2025-08-14 12:35:27'),
(265, 'appointment_status_changed', 'Appointment #397 for Jetelyn Sombilon Dalogdog (Unknown Service) status changed from Pending to Approved', NULL, 1, 397, NULL, 'Pending', 'Approved', '{\"appointment_id\":\"397\",\"customer_name\":\"Jetelyn Sombilon Dalogdog\",\"service_type\":\"Unknown Service\",\"old_status\":\"Pending\",\"new_status\":\"Approved\",\"action_type\":\"accept\"}', 1, 0, 'medium', '2025-08-21 05:32:17', '2025-08-21 05:32:27'),
(266, 'appointment_status_changed', 'Your Unknown Service appointment status has been updated to Approved', 226, 1, 397, NULL, 'Pending', 'Approved', '{\"appointment_id\":\"397\",\"service_type\":\"Unknown Service\",\"new_status\":\"Approved\",\"appointment_schedule\":\"2025-05-22 09:00:00\",\"customer_facing\":true,\"action_type\":\"accept\"}', 0, 0, 'high', '2025-08-21 05:32:17', NULL),
(267, '', 'Your appointment for Unknown Service service on May 22, 2025 9:00 AM has been ACCEPTED by admin/staff. You can now start working on this task.', 195, 1, 397, NULL, NULL, NULL, '{\"appointment_id\":\"397\",\"customer_name\":\"Jetelyn Sombilon Dalogdog\",\"service_type\":\"Unknown Service\",\"appliance_type\":\"Not Specified\",\"appointment_schedule\":\"2025-05-22 09:00:00\",\"technician_role\":\"primary\",\"technician_facing\":true,\"action_type\":\"accept\",\"partner_technician\":null,\"is_team_assignment\":false}', 1, 0, 'high', '2025-08-21 05:32:17', '2025-08-28 07:57:31'),
(268, 'appointment_created', 'Customer Anna A Maslog created a new appointment - Service: Repair, Date: August 22, 2025 at 2:00 PM', NULL, 210, 469, NULL, NULL, NULL, '{\"service_type\":\"Repair\",\"schedule\":\"2025-08-22 14:00:00\",\"customer_id\":\"210\",\"technician_name\":\"tech tech techy\",\"appointment_id\":\"469\"}', 1, 0, 'medium', '2025-08-21 05:49:19', '2025-08-21 06:35:43'),
(269, '', 'You have been assigned as Primary Technician for Repair service on Aug 22, 2025 2:00 PM for customer Anna A Maslog', 242, 210, 469, NULL, NULL, NULL, '{\"appointment_id\":\"469\",\"customer_name\":\"Anna A Maslog\",\"service_type\":\"Repair\",\"appliance_type\":\"Coolers\",\"appointment_schedule\":\"2025-08-22 14:00:00\",\"technician_role\":\"primary\",\"technician_facing\":true,\"appointment_type\":\"new\"}', 0, 0, 'high', '2025-08-21 05:49:19', NULL),
(270, '', 'You have been assigned as Secondary Technician for Repair service on Aug 22, 2025 2:00 PM for customer Anna A Maslog', 252, 210, 469, NULL, NULL, NULL, '{\"appointment_id\":\"469\",\"customer_name\":\"Anna A Maslog\",\"service_type\":\"Repair\",\"appliance_type\":\"Coolers\",\"appointment_schedule\":\"2025-08-22 14:00:00\",\"technician_role\":\"secondary\",\"technician_facing\":true,\"appointment_type\":\"new\"}', 0, 0, 'high', '2025-08-21 05:49:19', NULL),
(271, 'appointment_status_changed', 'Appointment #469 for Anna A Maslog (Repair) status changed from Pending to Approved', NULL, 1, 469, NULL, 'Pending', 'Approved', '{\"appointment_id\":\"469\",\"customer_name\":\"Anna A Maslog\",\"service_type\":\"Repair\",\"old_status\":\"Pending\",\"new_status\":\"Approved\",\"action_type\":\"accept\"}', 1, 0, 'medium', '2025-08-21 05:49:29', '2025-08-21 06:35:43'),
(272, 'appointment_status_changed', 'Your Repair appointment status has been updated to Approved', 210, 1, 469, NULL, 'Pending', 'Approved', '{\"appointment_id\":\"469\",\"service_type\":\"Repair\",\"new_status\":\"Approved\",\"appointment_schedule\":\"2025-08-22 14:00:00\",\"customer_facing\":true,\"action_type\":\"accept\"}', 1, 0, 'high', '2025-08-21 05:49:29', '2025-08-24 08:57:41'),
(273, '', 'Your appointment for Repair service on Aug 22, 2025 2:00 PM has been ACCEPTED by admin/staff. You can now start working on this task. You are paired with awawdknnk mlkmdlwalkdm mlkmklm (Secondary Technician).', 242, 1, 469, NULL, NULL, NULL, '{\"appointment_id\":\"469\",\"customer_name\":\"Anna A Maslog\",\"service_type\":\"Repair\",\"appliance_type\":\"Coolers\",\"appointment_schedule\":\"2025-08-22 14:00:00\",\"technician_role\":\"primary\",\"technician_facing\":true,\"action_type\":\"accept\",\"partner_technician\":\"awawdknnk mlkmdlwalkdm mlkmklm\",\"is_team_assignment\":true}', 0, 0, 'high', '2025-08-21 05:49:29', NULL),
(274, '', 'Your appointment for Repair service on Aug 22, 2025 2:00 PM has been ACCEPTED by admin/staff. You can now start working on this task as secondary technician. You are paired with tech tech techy (Primary Technician).', 252, 1, 469, NULL, NULL, NULL, '{\"appointment_id\":\"469\",\"customer_name\":\"Anna A Maslog\",\"service_type\":\"Repair\",\"appliance_type\":\"Coolers\",\"appointment_schedule\":\"2025-08-22 14:00:00\",\"technician_role\":\"secondary\",\"technician_facing\":true,\"action_type\":\"accept\",\"partner_technician\":\"tech tech techy\",\"is_team_assignment\":true}', 0, 0, 'high', '2025-08-21 05:49:29', NULL),
(275, 'appointment_created', 'Customer Anna A Maslog created a new appointment - Service: Repair, Date: August 27, 2025 at 3:00 PM', NULL, 210, 470, NULL, NULL, NULL, '{\"service_type\":\"Repair\",\"schedule\":\"2025-08-27 15:00:00\",\"customer_id\":\"210\",\"technician_name\":\"dwad dwad dwadw\",\"appointment_id\":\"470\"}', 1, 0, 'medium', '2025-08-22 05:16:05', '2025-08-22 06:02:20'),
(276, '', 'You have been assigned as Primary Technician for Repair service on Aug 27, 2025 3:00 PM for customer Anna A Maslog', 250, 210, 470, NULL, NULL, NULL, '{\"appointment_id\":\"470\",\"customer_name\":\"Anna A Maslog\",\"service_type\":\"Repair\",\"appliance_type\":\"Coolers\",\"appointment_schedule\":\"2025-08-27 15:00:00\",\"technician_role\":\"primary\",\"technician_facing\":true,\"appointment_type\":\"new\"}', 0, 0, 'high', '2025-08-22 05:16:05', NULL),
(277, '', 'You have been assigned as Secondary Technician for Repair service on Aug 27, 2025 3:00 PM for customer Anna A Maslog', 253, 210, 470, NULL, NULL, NULL, '{\"appointment_id\":\"470\",\"customer_name\":\"Anna A Maslog\",\"service_type\":\"Repair\",\"appliance_type\":\"Coolers\",\"appointment_schedule\":\"2025-08-27 15:00:00\",\"technician_role\":\"secondary\",\"technician_facing\":true,\"appointment_type\":\"new\"}', 1, 0, 'high', '2025-08-22 05:16:05', '2025-08-28 09:05:03'),
(278, 'appointment_status_changed', 'Appointment #470 for Anna A Maslog (Repair) status changed from Pending to Cancelled', NULL, 210, 470, NULL, 'Pending', 'Cancelled', '{\"appointment_id\":\"470\",\"customer_name\":\"Anna A Maslog\",\"service_type\":\"Repair\",\"old_status\":\"Pending\",\"new_status\":\"Cancelled\"}', 1, 0, 'medium', '2025-08-22 05:16:23', '2025-08-22 06:02:20'),
(279, 'appointment_created', 'Customer Anna A Maslog created a new appointment - Service: Repair, Date: September 4, 2025 at 2:00 PM', NULL, 210, 471, NULL, NULL, NULL, '{\"service_type\":\"Repair\",\"schedule\":\"2025-09-04 14:00:00\",\"customer_id\":\"210\",\"technician_name\":\"wadwa dwadwa dwad\",\"appointment_id\":\"471\"}', 1, 0, 'medium', '2025-08-22 05:46:21', '2025-08-22 06:02:20'),
(280, '', 'You have been assigned as Primary Technician for Repair service on Sep 4, 2025 2:00 PM for customer Anna A Maslog', 249, 210, 471, NULL, NULL, NULL, '{\"appointment_id\":\"471\",\"customer_name\":\"Anna A Maslog\",\"service_type\":\"Repair\",\"appliance_type\":\"Heaters\",\"appointment_schedule\":\"2025-09-04 14:00:00\",\"technician_role\":\"primary\",\"technician_facing\":true,\"appointment_type\":\"new\"}', 0, 0, 'high', '2025-08-22 05:46:21', NULL),
(281, '', 'You have been assigned as Secondary Technician for Repair service on Sep 4, 2025 2:00 PM for customer Anna A Maslog', 250, 210, 471, NULL, NULL, NULL, '{\"appointment_id\":\"471\",\"customer_name\":\"Anna A Maslog\",\"service_type\":\"Repair\",\"appliance_type\":\"Heaters\",\"appointment_schedule\":\"2025-09-04 14:00:00\",\"technician_role\":\"secondary\",\"technician_facing\":true,\"appointment_type\":\"new\"}', 0, 0, 'high', '2025-08-22 05:46:21', NULL),
(282, 'appointment_status_changed', 'Appointment #471 for Anna A Maslog (Repair) status changed from Pending to Cancelled', NULL, 210, 471, NULL, 'Pending', 'Cancelled', '{\"appointment_id\":\"471\",\"customer_name\":\"Anna A Maslog\",\"service_type\":\"Repair\",\"old_status\":\"Pending\",\"new_status\":\"Cancelled\"}', 1, 0, 'medium', '2025-08-22 05:46:27', '2025-08-22 06:02:20'),
(283, 'appointment_created', 'Customer Anna A Maslog created a new appointment - Service: Repair, Date: August 29, 2025 at 8:00 AM', NULL, 210, 472, NULL, NULL, NULL, '{\"service_type\":\"Repair\",\"schedule\":\"2025-08-29 08:00:00\",\"customer_id\":\"210\",\"technician_name\":\"Jia Pinas Dalogdog\",\"appointment_id\":\"472\"}', 1, 0, 'medium', '2025-08-22 05:46:54', '2025-08-22 06:02:20'),
(284, '', 'You have been assigned as Primary Technician for Repair service on Aug 29, 2025 8:00 AM for customer Anna A Maslog', 251, 210, 472, NULL, NULL, NULL, '{\"appointment_id\":\"472\",\"customer_name\":\"Anna A Maslog\",\"service_type\":\"Repair\",\"appliance_type\":\"Coolers\",\"appointment_schedule\":\"2025-08-29 08:00:00\",\"technician_role\":\"primary\",\"technician_facing\":true,\"appointment_type\":\"new\"}', 1, 0, 'high', '2025-08-22 05:46:54', '2025-08-31 12:56:00'),
(285, '', 'You have been assigned as Secondary Technician for Repair service on Aug 29, 2025 8:00 AM for customer Anna A Maslog', 253, 210, 472, NULL, NULL, NULL, '{\"appointment_id\":\"472\",\"customer_name\":\"Anna A Maslog\",\"service_type\":\"Repair\",\"appliance_type\":\"Coolers\",\"appointment_schedule\":\"2025-08-29 08:00:00\",\"technician_role\":\"secondary\",\"technician_facing\":true,\"appointment_type\":\"new\"}', 1, 0, 'high', '2025-08-22 05:46:54', '2025-08-28 09:05:03'),
(286, 'appointment_status_changed', 'Appointment #472 for Anna A Maslog (Repair) status changed from Pending to Approved', NULL, 1, 472, NULL, 'Pending', 'Approved', '{\"appointment_id\":\"472\",\"customer_name\":\"Anna A Maslog\",\"service_type\":\"Repair\",\"old_status\":\"Pending\",\"new_status\":\"Approved\",\"action_type\":\"accept\"}', 1, 0, 'medium', '2025-08-22 05:47:31', '2025-08-22 06:02:20'),
(287, 'appointment_status_changed', 'Your Repair appointment status has been updated to Approved', 210, 1, 472, NULL, 'Pending', 'Approved', '{\"appointment_id\":\"472\",\"service_type\":\"Repair\",\"new_status\":\"Approved\",\"appointment_schedule\":\"2025-08-29 08:00:00\",\"customer_facing\":true,\"action_type\":\"accept\"}', 1, 0, 'high', '2025-08-22 05:47:31', '2025-08-24 08:57:41'),
(288, '', 'Your appointment for Repair service on Aug 29, 2025 8:00 AM has been ACCEPTED by admin/staff. You can now start working on this task. You are paired with jia opaw opaw (Secondary Technician).', 251, 1, 472, NULL, NULL, NULL, '{\"appointment_id\":\"472\",\"customer_name\":\"Anna A Maslog\",\"service_type\":\"Repair\",\"appliance_type\":\"Coolers\",\"appointment_schedule\":\"2025-08-29 08:00:00\",\"technician_role\":\"primary\",\"technician_facing\":true,\"action_type\":\"accept\",\"partner_technician\":\"jia opaw opaw\",\"is_team_assignment\":true}', 1, 0, 'high', '2025-08-22 05:47:31', '2025-08-31 12:56:00'),
(289, '', 'Your appointment for Repair service on Aug 29, 2025 8:00 AM has been ACCEPTED by admin/staff. You can now start working on this task as secondary technician. You are paired with Jia Pinas Dalogdog (Primary Technician).', 253, 1, 472, NULL, NULL, NULL, '{\"appointment_id\":\"472\",\"customer_name\":\"Anna A Maslog\",\"service_type\":\"Repair\",\"appliance_type\":\"Coolers\",\"appointment_schedule\":\"2025-08-29 08:00:00\",\"technician_role\":\"secondary\",\"technician_facing\":true,\"action_type\":\"accept\",\"partner_technician\":\"Jia Pinas Dalogdog\",\"is_team_assignment\":true}', 1, 0, 'high', '2025-08-22 05:47:31', '2025-08-28 09:05:03'),
(290, 'appointment_status_changed', 'Appointment #472 for Anna A Maslog (Repair) status changed from Pending to In Progress', NULL, 253, 472, NULL, 'Pending', 'In Progress', '{\"appointment_id\":\"472\",\"customer_name\":\"Anna A Maslog\",\"service_type\":\"Repair\",\"old_status\":\"Pending\",\"new_status\":\"In Progress\",\"action_type\":\"inprogress\"}', 1, 0, 'medium', '2025-08-22 05:47:37', '2025-08-22 06:02:20'),
(291, 'appointment_status_changed', 'Your Repair appointment status has been updated to In Progress', 210, 253, 472, NULL, 'Pending', 'In Progress', '{\"appointment_id\":\"472\",\"service_type\":\"Repair\",\"new_status\":\"In Progress\",\"appointment_schedule\":\"2025-08-29 08:00:00\",\"customer_facing\":true,\"action_type\":\"inprogress\"}', 1, 0, 'high', '2025-08-22 05:47:37', '2025-08-24 08:57:41'),
(292, 'appointment_status_changed', 'Appointment #472 for Anna A Maslog (Repair) status changed from In Progress to Completed', NULL, 253, 472, NULL, 'In Progress', 'Completed', '{\"appointment_id\":\"472\",\"customer_name\":\"Anna A Maslog\",\"service_type\":\"Repair\",\"old_status\":\"In Progress\",\"new_status\":\"Completed\",\"action_type\":\"complete\",\"price\":\"231\",\"justification\":\"dwdwadwadawdwadawdwadwadwadwa\"}', 1, 0, 'medium', '2025-08-22 05:47:48', '2025-08-22 06:02:20'),
(293, 'appointment_status_changed', 'Your Repair appointment status has been updated to Completed', 210, 253, 472, NULL, 'In Progress', 'Completed', '{\"appointment_id\":\"472\",\"service_type\":\"Repair\",\"new_status\":\"Completed\",\"appointment_schedule\":\"2025-08-29 08:00:00\",\"customer_facing\":true,\"action_type\":\"complete\",\"price\":\"231\",\"justification\":\"dwdwadwadawdwadawdwadwadwadwa\"}', 1, 0, 'high', '2025-08-22 05:47:48', '2025-08-24 08:57:41'),
(294, 'appointment_created', 'Customer Anna A Maslog created a new appointment - Service: Maintenance, Date: September 3, 2025 at 11:00 AM', NULL, 210, 473, NULL, NULL, NULL, '{\"service_type\":\"Maintenance\",\"schedule\":\"2025-09-03 11:00:00\",\"customer_id\":\"210\",\"technician_name\":\"Jia Pinas Dalogdog\",\"appointment_id\":\"473\"}', 1, 0, 'medium', '2025-08-22 05:53:44', '2025-08-22 06:02:20'),
(295, '', 'You have been assigned as Primary Technician for Maintenance service on Sep 3, 2025 11:00 AM for customer Anna A Maslog', 251, 210, 473, NULL, NULL, NULL, '{\"appointment_id\":\"473\",\"customer_name\":\"Anna A Maslog\",\"service_type\":\"Maintenance\",\"appliance_type\":\"Freezers\",\"appointment_schedule\":\"2025-09-03 11:00:00\",\"technician_role\":\"primary\",\"technician_facing\":true,\"appointment_type\":\"new\"}', 1, 0, 'high', '2025-08-22 05:53:44', '2025-08-31 12:56:00'),
(296, '', 'You have been assigned as Secondary Technician for Maintenance service on Sep 3, 2025 11:00 AM for customer Anna A Maslog', 253, 210, 473, NULL, NULL, NULL, '{\"appointment_id\":\"473\",\"customer_name\":\"Anna A Maslog\",\"service_type\":\"Maintenance\",\"appliance_type\":\"Freezers\",\"appointment_schedule\":\"2025-09-03 11:00:00\",\"technician_role\":\"secondary\",\"technician_facing\":true,\"appointment_type\":\"new\"}', 1, 0, 'high', '2025-08-22 05:53:44', '2025-08-28 09:05:03'),
(297, 'appointment_status_changed', 'Appointment #473 for Anna A Maslog (Maintenance) status changed from Pending to Approved', NULL, 1, 473, NULL, 'Pending', 'Approved', '{\"appointment_id\":\"473\",\"customer_name\":\"Anna A Maslog\",\"service_type\":\"Maintenance\",\"old_status\":\"Pending\",\"new_status\":\"Approved\",\"action_type\":\"accept\"}', 1, 0, 'medium', '2025-08-22 05:53:50', '2025-08-22 06:02:20'),
(298, 'appointment_status_changed', 'Your Maintenance appointment status has been updated to Approved', 210, 1, 473, NULL, 'Pending', 'Approved', '{\"appointment_id\":\"473\",\"service_type\":\"Maintenance\",\"new_status\":\"Approved\",\"appointment_schedule\":\"2025-09-03 11:00:00\",\"customer_facing\":true,\"action_type\":\"accept\"}', 1, 0, 'high', '2025-08-22 05:53:50', '2025-08-24 08:57:41'),
(299, '', 'Your appointment for Maintenance service on Sep 3, 2025 11:00 AM has been ACCEPTED by admin/staff. You can now start working on this task. You are paired with jia opaw opaw (Secondary Technician).', 251, 1, 473, NULL, NULL, NULL, '{\"appointment_id\":\"473\",\"customer_name\":\"Anna A Maslog\",\"service_type\":\"Maintenance\",\"appliance_type\":\"Freezers\",\"appointment_schedule\":\"2025-09-03 11:00:00\",\"technician_role\":\"primary\",\"technician_facing\":true,\"action_type\":\"accept\",\"partner_technician\":\"jia opaw opaw\",\"is_team_assignment\":true}', 1, 0, 'high', '2025-08-22 05:53:50', '2025-08-31 12:56:00'),
(300, '', 'Your appointment for Maintenance service on Sep 3, 2025 11:00 AM has been ACCEPTED by admin/staff. You can now start working on this task as secondary technician. You are paired with Jia Pinas Dalogdog (Primary Technician).', 253, 1, 473, NULL, NULL, NULL, '{\"appointment_id\":\"473\",\"customer_name\":\"Anna A Maslog\",\"service_type\":\"Maintenance\",\"appliance_type\":\"Freezers\",\"appointment_schedule\":\"2025-09-03 11:00:00\",\"technician_role\":\"secondary\",\"technician_facing\":true,\"action_type\":\"accept\",\"partner_technician\":\"Jia Pinas Dalogdog\",\"is_team_assignment\":true}', 1, 0, 'high', '2025-08-22 05:53:50', '2025-08-28 09:05:03'),
(301, 'appointment_status_changed', 'Appointment #473 for Anna A Maslog (Maintenance) status changed from Pending to In Progress', NULL, 253, 473, NULL, 'Pending', 'In Progress', '{\"appointment_id\":\"473\",\"customer_name\":\"Anna A Maslog\",\"service_type\":\"Maintenance\",\"old_status\":\"Pending\",\"new_status\":\"In Progress\",\"action_type\":\"inprogress\"}', 1, 0, 'medium', '2025-08-22 05:53:58', '2025-08-22 06:02:20'),
(302, 'appointment_status_changed', 'Your Maintenance appointment status has been updated to In Progress', 210, 253, 473, NULL, 'Pending', 'In Progress', '{\"appointment_id\":\"473\",\"service_type\":\"Maintenance\",\"new_status\":\"In Progress\",\"appointment_schedule\":\"2025-09-03 11:00:00\",\"customer_facing\":true,\"action_type\":\"inprogress\"}', 1, 0, 'high', '2025-08-22 05:53:58', '2025-08-24 08:57:41'),
(303, 'appointment_status_changed', 'Appointment #473 for Anna A Maslog (Maintenance) status changed from In Progress to Completed', NULL, 253, 473, NULL, 'In Progress', 'Completed', '{\"appointment_id\":\"473\",\"customer_name\":\"Anna A Maslog\",\"service_type\":\"Maintenance\",\"old_status\":\"In Progress\",\"new_status\":\"Completed\",\"action_type\":\"complete\",\"price\":\"2312\",\"justification\":\"dwadwadawdadawdwadawdwa\"}', 1, 0, 'medium', '2025-08-22 05:54:07', '2025-08-22 06:02:20');
INSERT INTO `notification` (`notification_id`, `event_type`, `event_description`, `target_user_id`, `actor_user_id`, `related_appointment_id`, `related_invoice_id`, `old_status`, `new_status`, `additional_data`, `is_read`, `is_system_notification`, `priority`, `created_at`, `read_at`) VALUES
(304, 'appointment_status_changed', 'Your Maintenance appointment status has been updated to Completed', 210, 253, 473, NULL, 'In Progress', 'Completed', '{\"appointment_id\":\"473\",\"service_type\":\"Maintenance\",\"new_status\":\"Completed\",\"appointment_schedule\":\"2025-09-03 11:00:00\",\"customer_facing\":true,\"action_type\":\"complete\",\"price\":\"2312\",\"justification\":\"dwadwadawdadawdwadawdwa\"}', 1, 0, 'high', '2025-08-22 05:54:07', '2025-08-24 08:57:41'),
(305, 'appointment_status_changed', 'Appointment #473 for Anna A Maslog (Maintenance) status changed from Unpaid to Paid', NULL, 1, 473, NULL, 'Unpaid', 'Paid', '{\"appointment_id\":\"473\",\"customer_name\":\"Anna A Maslog\",\"service_type\":\"Maintenance\",\"old_status\":\"Unpaid\",\"new_status\":\"Paid\",\"action_type\":\"payment_update\"}', 1, 0, 'medium', '2025-08-22 05:57:01', '2025-08-22 06:02:20'),
(306, 'payment_status_changed', 'Payment received for your Maintenance appointment. Amount: ₱2,312.00', 210, 1, 473, NULL, 'Unpaid', 'Paid', '{\"appointment_id\":\"473\",\"service_type\":\"Maintenance\",\"payment_amount\":\"2312\",\"old_payment_status\":\"Unpaid\",\"new_payment_status\":\"Paid\",\"appointment_schedule\":\"2025-09-03 11:00:00\",\"customer_facing\":true,\"action_type\":\"payment_update\"}', 1, 0, 'high', '2025-08-22 05:57:01', '2025-08-24 08:57:41'),
(307, 'appointment_status_changed', 'Appointment #472 for Anna A Maslog (Repair) status changed from Unpaid to Paid', NULL, 1, 472, NULL, 'Unpaid', 'Paid', '{\"appointment_id\":\"472\",\"customer_name\":\"Anna A Maslog\",\"service_type\":\"Repair\",\"old_status\":\"Unpaid\",\"new_status\":\"Paid\",\"action_type\":\"payment_update\"}', 1, 0, 'medium', '2025-08-22 05:57:05', '2025-08-22 06:02:20'),
(308, 'payment_status_changed', 'Payment received for your Repair appointment. Amount: ₱231.00', 210, 1, 472, NULL, 'Unpaid', 'Paid', '{\"appointment_id\":\"472\",\"service_type\":\"Repair\",\"payment_amount\":\"231\",\"old_payment_status\":\"Unpaid\",\"new_payment_status\":\"Paid\",\"appointment_schedule\":\"2025-08-29 08:00:00\",\"customer_facing\":true,\"action_type\":\"payment_update\"}', 1, 0, 'high', '2025-08-22 05:57:05', '2025-08-24 08:57:41'),
(309, 'appointment_created', 'Customer Anna A Maslog created a new appointment - Service: Repair, Date: August 27, 2025 at 3:00 PM', NULL, 210, 474, NULL, NULL, NULL, '{\"service_type\":\"Repair\",\"schedule\":\"2025-08-27 15:00:00\",\"customer_id\":\"210\",\"technician_name\":\"Jia Pinas Dalogdog\",\"appointment_id\":\"474\"}', 1, 0, 'medium', '2025-08-22 06:03:19', '2025-08-22 07:31:15'),
(310, '', 'You have been assigned as Primary Technician for Repair service on Aug 27, 2025 3:00 PM for customer Anna A Maslog', 251, 210, 474, NULL, NULL, NULL, '{\"appointment_id\":\"474\",\"customer_name\":\"Anna A Maslog\",\"service_type\":\"Repair\",\"appliance_type\":\"Coolers\",\"appointment_schedule\":\"2025-08-27 15:00:00\",\"technician_role\":\"primary\",\"technician_facing\":true,\"appointment_type\":\"new\"}', 1, 0, 'high', '2025-08-22 06:03:19', '2025-08-31 12:56:00'),
(311, '', 'You have been assigned as Secondary Technician for Repair service on Aug 27, 2025 3:00 PM for customer Anna A Maslog', 249, 210, 474, NULL, NULL, NULL, '{\"appointment_id\":\"474\",\"customer_name\":\"Anna A Maslog\",\"service_type\":\"Repair\",\"appliance_type\":\"Coolers\",\"appointment_schedule\":\"2025-08-27 15:00:00\",\"technician_role\":\"secondary\",\"technician_facing\":true,\"appointment_type\":\"new\"}', 0, 0, 'high', '2025-08-22 06:03:19', NULL),
(312, 'appointment_status_changed', 'Appointment #474 for Anna A Maslog (Repair) status changed from Pending to Cancelled', NULL, 210, 474, NULL, 'Pending', 'Cancelled', '{\"appointment_id\":\"474\",\"customer_name\":\"Anna A Maslog\",\"service_type\":\"Repair\",\"old_status\":\"Pending\",\"new_status\":\"Cancelled\"}', 1, 0, 'medium', '2025-08-22 06:03:26', '2025-08-22 07:31:15'),
(313, 'appointment_created', 'Customer Anna A Maslog created a new appointment - Service: Maintenance, Date: August 27, 2025 at 8:00 AM', NULL, 210, 475, NULL, NULL, NULL, '{\"service_type\":\"Maintenance\",\"schedule\":\"2025-08-27 08:00:00\",\"customer_id\":\"210\",\"technician_name\":\"Jia Pinas Dalogdog\",\"appointment_id\":\"475\"}', 1, 0, 'medium', '2025-08-22 06:04:43', '2025-08-22 07:31:15'),
(314, '', 'You have been assigned as Primary Technician for Maintenance service on Aug 27, 2025 8:00 AM for customer Anna A Maslog', 251, 210, 475, NULL, NULL, NULL, '{\"appointment_id\":\"475\",\"customer_name\":\"Anna A Maslog\",\"service_type\":\"Maintenance\",\"appliance_type\":\"Freezers\",\"appointment_schedule\":\"2025-08-27 08:00:00\",\"technician_role\":\"primary\",\"technician_facing\":true,\"appointment_type\":\"new\"}', 1, 0, 'high', '2025-08-22 06:04:43', '2025-08-31 12:56:00'),
(315, '', 'You have been assigned as Secondary Technician for Maintenance service on Aug 27, 2025 8:00 AM for customer Anna A Maslog', 249, 210, 475, NULL, NULL, NULL, '{\"appointment_id\":\"475\",\"customer_name\":\"Anna A Maslog\",\"service_type\":\"Maintenance\",\"appliance_type\":\"Freezers\",\"appointment_schedule\":\"2025-08-27 08:00:00\",\"technician_role\":\"secondary\",\"technician_facing\":true,\"appointment_type\":\"new\"}', 0, 0, 'high', '2025-08-22 06:04:43', NULL),
(316, 'appointment_status_changed', 'Appointment #475 for Anna A Maslog (Maintenance) status changed from Pending to Cancelled', NULL, 210, 475, NULL, 'Pending', 'Cancelled', '{\"appointment_id\":\"475\",\"customer_name\":\"Anna A Maslog\",\"service_type\":\"Maintenance\",\"old_status\":\"Pending\",\"new_status\":\"Cancelled\"}', 1, 0, 'medium', '2025-08-22 06:04:49', '2025-08-22 07:31:15'),
(317, 'appointment_created', 'Customer Anna A Maslog created a new appointment - Service: Repair, Date: August 28, 2025 at 2:00 PM', NULL, 210, 476, NULL, NULL, NULL, '{\"service_type\":\"Repair\",\"schedule\":\"2025-08-28 14:00:00\",\"customer_id\":\"210\",\"technician_name\":\"Jia Pinas Dalogdog\",\"appointment_id\":\"476\"}', 1, 0, 'medium', '2025-08-24 08:40:20', '2025-08-24 08:57:03'),
(318, '', 'You have been assigned as Primary Technician for Repair service on Aug 28, 2025 2:00 PM for customer Anna A Maslog', 251, 210, 476, NULL, NULL, NULL, '{\"appointment_id\":\"476\",\"customer_name\":\"Anna A Maslog\",\"service_type\":\"Repair\",\"appliance_type\":\"Coolers\",\"appointment_schedule\":\"2025-08-28 14:00:00\",\"technician_role\":\"primary\",\"technician_facing\":true,\"appointment_type\":\"new\"}', 1, 0, 'high', '2025-08-24 08:40:20', '2025-08-31 12:56:00'),
(319, '', 'You have been assigned as Secondary Technician for Repair service on Aug 28, 2025 2:00 PM for customer Anna A Maslog', 249, 210, 476, NULL, NULL, NULL, '{\"appointment_id\":\"476\",\"customer_name\":\"Anna A Maslog\",\"service_type\":\"Repair\",\"appliance_type\":\"Coolers\",\"appointment_schedule\":\"2025-08-28 14:00:00\",\"technician_role\":\"secondary\",\"technician_facing\":true,\"appointment_type\":\"new\"}', 0, 0, 'high', '2025-08-24 08:40:20', NULL),
(320, 'appointment_status_changed', 'Appointment #476 for Anna A Maslog (Repair) status changed from Pending to Cancelled', NULL, 210, 476, NULL, 'Pending', 'Cancelled', '{\"appointment_id\":\"476\",\"customer_name\":\"Anna A Maslog\",\"service_type\":\"Repair\",\"old_status\":\"Pending\",\"new_status\":\"Cancelled\"}', 1, 0, 'medium', '2025-08-24 08:57:49', '2025-08-24 08:59:05'),
(321, 'appointment_status_changed', 'Appointment #455 for Anna A Maslog (Repair) status changed from Unpaid to Paid', NULL, 195, 455, NULL, 'Unpaid', 'Paid', '{\"appointment_id\":\"455\",\"customer_name\":\"Anna A Maslog\",\"service_type\":\"Repair\",\"old_status\":\"Unpaid\",\"new_status\":\"Paid\",\"action_type\":\"paid\"}', 1, 0, 'medium', '2025-08-28 08:30:54', '2025-08-28 08:42:12'),
(322, 'payment_status_changed', 'Payment received for your Repair appointment. Amount: ₱650.00', 210, 195, 455, NULL, 'Unpaid', 'Paid', '{\"appointment_id\":\"455\",\"service_type\":\"Repair\",\"payment_amount\":\"650\",\"old_payment_status\":\"Unpaid\",\"new_payment_status\":\"Paid\",\"appointment_schedule\":\"2025-12-29 08:00:00\",\"customer_facing\":true,\"action_type\":\"paid\"}', 1, 0, 'high', '2025-08-28 08:30:54', '2025-08-28 09:59:45'),
(323, 'appointment_status_changed', 'Appointment #454 for Anna A Maslog (Repair) status changed from Unpaid to Paid', NULL, 195, 454, NULL, 'Unpaid', 'Paid', '{\"appointment_id\":\"454\",\"customer_name\":\"Anna A Maslog\",\"service_type\":\"Repair\",\"old_status\":\"Unpaid\",\"new_status\":\"Paid\",\"action_type\":\"paid\"}', 1, 0, 'medium', '2025-08-28 08:47:04', '2025-08-28 08:52:24'),
(324, 'payment_status_changed', 'Payment received for your Repair appointment. Amount: ₱500.00', 210, 195, 454, NULL, 'Unpaid', 'Paid', '{\"appointment_id\":\"454\",\"service_type\":\"Repair\",\"payment_amount\":\"500\",\"old_payment_status\":\"Unpaid\",\"new_payment_status\":\"Paid\",\"appointment_schedule\":\"2025-08-06 11:00:00\",\"customer_facing\":true,\"action_type\":\"paid\"}', 1, 0, 'high', '2025-08-28 08:47:04', '2025-08-28 09:59:45'),
(325, 'appointment_created', 'Customer Anna A Maslog created a new appointment - Service: Repair, Date: September 3, 2025 at 11:00 AM', NULL, 210, 477, NULL, NULL, NULL, '{\"service_type\":\"Repair\",\"schedule\":\"2025-09-03 11:00:00\",\"customer_id\":\"210\",\"technician_name\":\"Jia Pinas Dalogdog\",\"appointment_id\":\"477\"}', 1, 0, 'medium', '2025-08-28 09:32:43', '2025-08-28 09:32:57'),
(326, '', 'You have been assigned as Primary Technician for Repair service on Sep 3, 2025 11:00 AM for customer Anna A Maslog', 251, 210, 477, NULL, NULL, NULL, '{\"appointment_id\":\"477\",\"customer_name\":\"Anna A Maslog\",\"service_type\":\"Repair\",\"appliance_type\":\"Coolers\",\"appointment_schedule\":\"2025-09-03 11:00:00\",\"technician_role\":\"primary\",\"technician_facing\":true,\"appointment_type\":\"new\"}', 1, 0, 'high', '2025-08-28 09:32:43', '2025-08-31 12:56:00'),
(327, '', 'You have been assigned as Secondary Technician for Repair service on Sep 3, 2025 11:00 AM for customer Anna A Maslog', 253, 210, 477, NULL, NULL, NULL, '{\"appointment_id\":\"477\",\"customer_name\":\"Anna A Maslog\",\"service_type\":\"Repair\",\"appliance_type\":\"Coolers\",\"appointment_schedule\":\"2025-09-03 11:00:00\",\"technician_role\":\"secondary\",\"technician_facing\":true,\"appointment_type\":\"new\"}', 1, 0, 'high', '2025-08-28 09:32:43', '2025-08-28 09:34:57'),
(328, 'appointment_status_changed', 'Appointment #477 for Anna A Maslog (Repair) status changed from Pending to Approved', NULL, 1, 477, NULL, 'Pending', 'Approved', '{\"appointment_id\":\"477\",\"customer_name\":\"Anna A Maslog\",\"service_type\":\"Repair\",\"old_status\":\"Pending\",\"new_status\":\"Approved\",\"action_type\":\"accept\"}', 1, 0, 'medium', '2025-08-28 09:32:59', '2025-08-28 09:59:52'),
(329, 'appointment_status_changed', 'Your Repair appointment status has been updated to Approved', 210, 1, 477, NULL, 'Pending', 'Approved', '{\"appointment_id\":\"477\",\"service_type\":\"Repair\",\"new_status\":\"Approved\",\"appointment_schedule\":\"2025-09-03 11:00:00\",\"customer_facing\":true,\"action_type\":\"accept\"}', 1, 0, 'high', '2025-08-28 09:32:59', '2025-08-28 09:59:45'),
(330, '', 'Your appointment for Repair service on Sep 3, 2025 11:00 AM has been ACCEPTED by admin/staff. You can now start working on this task. You are paired with jia opaw opaw (Secondary Technician).', 251, 1, 477, NULL, NULL, NULL, '{\"appointment_id\":\"477\",\"customer_name\":\"Anna A Maslog\",\"service_type\":\"Repair\",\"appliance_type\":\"Coolers\",\"appointment_schedule\":\"2025-09-03 11:00:00\",\"technician_role\":\"primary\",\"technician_facing\":true,\"action_type\":\"accept\",\"partner_technician\":\"jia opaw opaw\",\"is_team_assignment\":true}', 1, 0, 'high', '2025-08-28 09:32:59', '2025-08-31 12:56:00'),
(331, '', 'Your appointment for Repair service on Sep 3, 2025 11:00 AM has been ACCEPTED by admin/staff. You can now start working on this task as secondary technician. You are paired with Jia Pinas Dalogdog (Primary Technician).', 253, 1, 477, NULL, NULL, NULL, '{\"appointment_id\":\"477\",\"customer_name\":\"Anna A Maslog\",\"service_type\":\"Repair\",\"appliance_type\":\"Coolers\",\"appointment_schedule\":\"2025-09-03 11:00:00\",\"technician_role\":\"secondary\",\"technician_facing\":true,\"action_type\":\"accept\",\"partner_technician\":\"Jia Pinas Dalogdog\",\"is_team_assignment\":true}', 1, 0, 'high', '2025-08-28 09:32:59', '2025-08-28 09:34:57'),
(332, 'appointment_status_changed', 'Appointment #477 for Anna A Maslog (Repair) status changed from Pending to In Progress', NULL, 253, 477, NULL, 'Pending', 'In Progress', '{\"appointment_id\":\"477\",\"customer_name\":\"Anna A Maslog\",\"service_type\":\"Repair\",\"old_status\":\"Pending\",\"new_status\":\"In Progress\",\"action_type\":\"inprogress\"}', 1, 0, 'medium', '2025-08-28 09:36:24', '2025-08-28 09:59:52'),
(333, 'appointment_status_changed', 'Your Repair appointment status has been updated to In Progress', 210, 253, 477, NULL, 'Pending', 'In Progress', '{\"appointment_id\":\"477\",\"service_type\":\"Repair\",\"new_status\":\"In Progress\",\"appointment_schedule\":\"2025-09-03 11:00:00\",\"customer_facing\":true,\"action_type\":\"inprogress\"}', 1, 0, 'high', '2025-08-28 09:36:24', '2025-08-28 09:59:45'),
(334, 'appointment_status_changed', 'Appointment #477 for Anna A Maslog (Repair) status changed from In Progress to Completed', NULL, 253, 477, NULL, 'In Progress', 'Completed', '{\"appointment_id\":\"477\",\"customer_name\":\"Anna A Maslog\",\"service_type\":\"Repair\",\"old_status\":\"In Progress\",\"new_status\":\"Completed\",\"action_type\":\"complete\",\"price\":\"500\",\"justification\":\"testing kay jia opaw niggas\"}', 1, 0, 'medium', '2025-08-28 09:56:03', '2025-08-28 09:59:52'),
(335, 'appointment_status_changed', 'Your Repair appointment status has been updated to Completed', 210, 253, 477, NULL, 'In Progress', 'Completed', '{\"appointment_id\":\"477\",\"service_type\":\"Repair\",\"new_status\":\"Completed\",\"appointment_schedule\":\"2025-09-03 11:00:00\",\"customer_facing\":true,\"action_type\":\"complete\",\"price\":\"500\",\"justification\":\"testing kay jia opaw niggas\"}', 1, 0, 'high', '2025-08-28 09:56:03', '2025-08-28 09:59:45'),
(336, 'appointment_status_changed', 'Appointment #477 for Anna A Maslog (Repair) status changed from Unpaid to Paid', NULL, 253, 477, NULL, 'Unpaid', 'Paid', '{\"appointment_id\":\"477\",\"customer_name\":\"Anna A Maslog\",\"service_type\":\"Repair\",\"old_status\":\"Unpaid\",\"new_status\":\"Paid\",\"action_type\":\"paid\"}', 1, 0, 'medium', '2025-08-28 09:59:40', '2025-08-28 09:59:52'),
(337, 'payment_status_changed', 'Payment received for your Repair appointment. Amount: ₱500.00', 210, 253, 477, NULL, 'Unpaid', 'Paid', '{\"appointment_id\":\"477\",\"service_type\":\"Repair\",\"payment_amount\":\"500\",\"old_payment_status\":\"Unpaid\",\"new_payment_status\":\"Paid\",\"appointment_schedule\":\"2025-09-03 11:00:00\",\"customer_facing\":true,\"action_type\":\"paid\"}', 1, 0, 'high', '2025-08-28 09:59:40', '2025-08-28 09:59:45'),
(338, 'appointment_created', 'Customer Anna A Maslog created a new appointment - Service: Repair, Date: September 4, 2025 at 2:00 PM', NULL, 210, 478, NULL, NULL, NULL, '{\"service_type\":\"Repair\",\"schedule\":\"2025-09-04 14:00:00\",\"customer_id\":\"210\",\"technician_name\":\"Jia Pinas Dalogdog\",\"appointment_id\":\"478\"}', 1, 0, 'medium', '2025-08-31 09:11:53', '2025-08-31 09:12:15'),
(339, '', 'You have been assigned as Primary Technician for Repair service on Sep 4, 2025 2:00 PM for customer Anna A Maslog', 251, 210, 478, NULL, NULL, NULL, '{\"appointment_id\":\"478\",\"customer_name\":\"Anna A Maslog\",\"service_type\":\"Repair\",\"appliance_type\":\"Coolers\",\"appointment_schedule\":\"2025-09-04 14:00:00\",\"technician_role\":\"primary\",\"technician_facing\":true,\"appointment_type\":\"new\"}', 1, 0, 'high', '2025-08-31 09:11:53', '2025-08-31 12:56:00'),
(340, 'appointment_status_changed', 'Appointment #478 for Anna A Maslog (Repair) status changed from Pending to Cancelled', NULL, 210, 478, NULL, 'Pending', 'Cancelled', '{\"appointment_id\":\"478\",\"customer_name\":\"Anna A Maslog\",\"service_type\":\"Repair\",\"old_status\":\"Pending\",\"new_status\":\"Cancelled\"}', 1, 0, 'medium', '2025-08-31 09:12:01', '2025-08-31 09:12:15'),
(341, 'appointment_created', 'Customer Tea Tea Tea created a new appointment - Service: Repair, Date: September 4, 2025 at 2:00 PM', NULL, 239, 479, NULL, NULL, NULL, '{\"service_type\":\"Repair\",\"schedule\":\"2025-09-04 14:00:00\",\"customer_id\":\"239\",\"technician_name\":\"Jia Pinas Dalogdog\",\"appointment_id\":\"479\"}', 1, 0, 'medium', '2025-08-31 10:07:03', '2025-08-31 10:14:17'),
(342, '', 'You have been assigned as Primary Technician for Repair service on Sep 4, 2025 2:00 PM for customer Tea Tea Tea', 251, 239, 479, NULL, NULL, NULL, '{\"appointment_id\":\"479\",\"customer_name\":\"Tea Tea Tea\",\"service_type\":\"Repair\",\"appliance_type\":\"Electrical Systems\",\"appointment_schedule\":\"2025-09-04 14:00:00\",\"technician_role\":\"primary\",\"technician_facing\":true,\"appointment_type\":\"new\"}', 1, 0, 'high', '2025-08-31 10:07:03', '2025-08-31 12:56:00'),
(343, '', 'You have been assigned as Secondary Technician for Repair service on Sep 4, 2025 2:00 PM for customer Tea Tea Tea', 253, 239, 479, NULL, NULL, NULL, '{\"appointment_id\":\"479\",\"customer_name\":\"Tea Tea Tea\",\"service_type\":\"Repair\",\"appliance_type\":\"Electrical Systems\",\"appointment_schedule\":\"2025-09-04 14:00:00\",\"technician_role\":\"secondary\",\"technician_facing\":true,\"appointment_type\":\"new\"}', 1, 0, 'high', '2025-08-31 10:07:03', '2025-08-31 10:07:15'),
(344, 'appointment_status_changed', 'Appointment #479 for Tea Tea Tea (Repair) status changed from Pending to Approved', NULL, 1, 479, NULL, 'Pending', 'Approved', '{\"appointment_id\":\"479\",\"customer_name\":\"Tea Tea Tea\",\"service_type\":\"Repair\",\"old_status\":\"Pending\",\"new_status\":\"Approved\",\"action_type\":\"accept\"}', 1, 0, 'medium', '2025-08-31 10:07:29', '2025-08-31 10:14:17'),
(345, 'appointment_status_changed', 'Your Repair appointment status has been updated to Approved', 239, 1, 479, NULL, 'Pending', 'Approved', '{\"appointment_id\":\"479\",\"service_type\":\"Repair\",\"new_status\":\"Approved\",\"appointment_schedule\":\"2025-09-04 14:00:00\",\"customer_facing\":true,\"action_type\":\"accept\"}', 1, 0, 'high', '2025-08-31 10:07:29', '2025-08-31 10:10:17'),
(346, '', 'Your appointment for Repair service on Sep 4, 2025 2:00 PM has been ACCEPTED by admin/staff. You can now start working on this task. You are paired with jia opaw opaw (Secondary Technician).', 251, 1, 479, NULL, NULL, NULL, '{\"appointment_id\":\"479\",\"customer_name\":\"Tea Tea Tea\",\"service_type\":\"Repair\",\"appliance_type\":\"Electrical Systems\",\"appointment_schedule\":\"2025-09-04 14:00:00\",\"technician_role\":\"primary\",\"technician_facing\":true,\"action_type\":\"accept\",\"partner_technician\":\"jia opaw opaw\",\"is_team_assignment\":true}', 1, 0, 'high', '2025-08-31 10:07:29', '2025-08-31 12:56:00'),
(347, '', 'Your appointment for Repair service on Sep 4, 2025 2:00 PM has been ACCEPTED by admin/staff. You can now start working on this task as secondary technician. You are paired with Jia Pinas Dalogdog (Primary Technician).', 253, 1, 479, NULL, NULL, NULL, '{\"appointment_id\":\"479\",\"customer_name\":\"Tea Tea Tea\",\"service_type\":\"Repair\",\"appliance_type\":\"Electrical Systems\",\"appointment_schedule\":\"2025-09-04 14:00:00\",\"technician_role\":\"secondary\",\"technician_facing\":true,\"action_type\":\"accept\",\"partner_technician\":\"Jia Pinas Dalogdog\",\"is_team_assignment\":true}', 1, 0, 'high', '2025-08-31 10:07:29', '2025-09-07 10:16:02'),
(348, 'appointment_status_changed', 'Appointment #479 for Tea Tea Tea (Repair) status changed from Pending to In Progress', NULL, 253, 479, NULL, 'Pending', 'In Progress', '{\"appointment_id\":\"479\",\"customer_name\":\"Tea Tea Tea\",\"service_type\":\"Repair\",\"old_status\":\"Pending\",\"new_status\":\"In Progress\",\"action_type\":\"inprogress\"}', 1, 0, 'medium', '2025-08-31 10:07:36', '2025-08-31 10:14:17'),
(349, 'appointment_status_changed', 'Your Repair appointment status has been updated to In Progress', 239, 253, 479, NULL, 'Pending', 'In Progress', '{\"appointment_id\":\"479\",\"service_type\":\"Repair\",\"new_status\":\"In Progress\",\"appointment_schedule\":\"2025-09-04 14:00:00\",\"customer_facing\":true,\"action_type\":\"inprogress\"}', 1, 0, 'high', '2025-08-31 10:07:36', '2025-08-31 10:10:17'),
(350, 'appointment_status_changed', 'Appointment #479 for Tea Tea Tea (Repair) status changed from In Progress to Completed', NULL, 253, 479, NULL, 'In Progress', 'Completed', '{\"appointment_id\":\"479\",\"customer_name\":\"Tea Tea Tea\",\"service_type\":\"Repair\",\"old_status\":\"In Progress\",\"new_status\":\"Completed\",\"action_type\":\"complete\",\"price\":\"500\",\"justification\":\"taeteatateateateateataeteateata\"}', 1, 0, 'medium', '2025-08-31 10:07:51', '2025-08-31 10:14:17'),
(351, 'appointment_status_changed', 'Your Repair appointment status has been updated to Completed', 239, 253, 479, NULL, 'In Progress', 'Completed', '{\"appointment_id\":\"479\",\"service_type\":\"Repair\",\"new_status\":\"Completed\",\"appointment_schedule\":\"2025-09-04 14:00:00\",\"customer_facing\":true,\"action_type\":\"complete\",\"price\":\"500\",\"justification\":\"taeteatateateateateataeteateata\"}', 1, 0, 'high', '2025-08-31 10:07:51', '2025-08-31 10:10:17'),
(352, '', 'User information updated: Tea Tea Tea (rolando@gmail.com) - customer', NULL, 1, NULL, NULL, NULL, NULL, '{\"action\":\"edit\",\"target_user_id\":\"239\",\"user_type\":\"customer\",\"target_user_data\":{\"user_id\":239,\"full_name\":\"Tea Tea Tea\",\"user_email\":\"rolando@gmail.com\",\"user_type_id\":4},\"updated_data\":{\"first_name\":\"Tea\",\"middle_name\":\"Tea\",\"last_name\":\"Tea\",\"email\":\"rolando@gmail.com\",\"contact\":\"09912969139\",\"address\":\"Purok 4-A, A. O. Floirendo, Panabo City, Davao del Norte, 8105\",\"password\":\"Tea123\",\"user_type_id\":\"4\"}}', 1, 0, 'medium', '2025-08-31 10:08:46', '2025-08-31 10:14:17'),
(353, 'appointment_status_changed', 'Appointment #479 for Tea Tea Tea (Repair) status changed from Unpaid to Paid', NULL, 1, 479, NULL, 'Unpaid', 'Paid', '{\"appointment_id\":\"479\",\"customer_name\":\"Tea Tea Tea\",\"service_type\":\"Repair\",\"old_status\":\"Unpaid\",\"new_status\":\"Paid\",\"action_type\":\"payment_update\"}', 1, 0, 'medium', '2025-08-31 10:17:17', '2025-08-31 10:18:28'),
(354, 'payment_status_changed', 'Payment received for your Repair appointment. Amount: ₱500.00', 239, 1, 479, NULL, 'Unpaid', 'Paid', '{\"appointment_id\":\"479\",\"service_type\":\"Repair\",\"payment_amount\":\"500\",\"old_payment_status\":\"Unpaid\",\"new_payment_status\":\"Paid\",\"appointment_schedule\":\"2025-09-04 14:00:00\",\"customer_facing\":true,\"action_type\":\"payment_update\"}', 1, 0, 'high', '2025-08-31 10:17:17', '2025-08-31 10:37:34'),
(355, 'appointment_created', 'Customer Anna A Maslog created a new appointment - Service: Maintenance, Date: September 3, 2025 at 9:00 AM', NULL, 210, 480, NULL, NULL, NULL, '{\"service_type\":\"Maintenance\",\"schedule\":\"2025-09-03 09:00:00\",\"customer_id\":\"210\",\"technician_name\":\"Jia Pinas Dalogdog\",\"appointment_id\":\"480\"}', 1, 0, 'medium', '2025-08-31 12:25:52', '2025-08-31 12:41:56'),
(356, '', 'You have been assigned as Primary Technician for Maintenance service on Sep 3, 2025 9:00 AM for customer Anna A Maslog', 251, 210, 480, NULL, NULL, NULL, '{\"appointment_id\":\"480\",\"customer_name\":\"Anna A Maslog\",\"service_type\":\"Maintenance\",\"appliance_type\":\"Unknown Appliance\",\"appointment_schedule\":\"2025-09-03 09:00:00\",\"technician_role\":\"primary\",\"technician_facing\":true,\"appointment_type\":\"new\"}', 1, 0, 'high', '2025-08-31 12:25:52', '2025-08-31 12:56:00'),
(357, 'appointment_status_changed', 'Appointment #480 for Anna A Maslog (Maintenance) status changed from Pending to Cancelled', NULL, 210, 480, NULL, 'Pending', 'Cancelled', '{\"appointment_id\":\"480\",\"customer_name\":\"Anna A Maslog\",\"service_type\":\"Maintenance\",\"old_status\":\"Pending\",\"new_status\":\"Cancelled\"}', 1, 0, 'medium', '2025-08-31 12:26:04', '2025-08-31 12:41:56'),
(358, 'appointment_created', 'Customer Anna A Maslog created a new appointment - Service: Repair, Date: September 3, 2025 at 2:00 PM', NULL, 210, 481, NULL, NULL, NULL, '{\"service_type\":\"Repair\",\"schedule\":\"2025-09-03 14:00:00\",\"customer_id\":\"210\",\"technician_name\":\"Jia Pinas Dalogdog\",\"appointment_id\":\"481\"}', 1, 0, 'medium', '2025-08-31 12:28:55', '2025-08-31 12:41:56'),
(359, '', 'You have been assigned as Primary Technician for Repair service on Sep 3, 2025 2:00 PM for customer Anna A Maslog', 251, 210, 481, NULL, NULL, NULL, '{\"appointment_id\":\"481\",\"customer_name\":\"Anna A Maslog\",\"service_type\":\"Repair\",\"appliance_type\":\"Electrical Systems\",\"appointment_schedule\":\"2025-09-03 14:00:00\",\"technician_role\":\"primary\",\"technician_facing\":true,\"appointment_type\":\"new\"}', 1, 0, 'high', '2025-08-31 12:28:55', '2025-08-31 12:56:00'),
(360, '', 'You have been assigned as Secondary Technician for Repair service on Sep 3, 2025 2:00 PM for customer Anna A Maslog', 249, 210, 481, NULL, NULL, NULL, '{\"appointment_id\":\"481\",\"customer_name\":\"Anna A Maslog\",\"service_type\":\"Repair\",\"appliance_type\":\"Electrical Systems\",\"appointment_schedule\":\"2025-09-03 14:00:00\",\"technician_role\":\"secondary\",\"technician_facing\":true,\"appointment_type\":\"new\"}', 0, 0, 'high', '2025-08-31 12:28:55', NULL),
(361, 'appointment_created', 'Customer Anna A Maslog created a new appointment - Service: Repair, Date: October 6, 2025 at 8:00 AM', NULL, 210, 482, NULL, NULL, NULL, '{\"service_type\":\"Repair\",\"schedule\":\"2025-10-06 08:00:00\",\"customer_id\":\"210\",\"technician_name\":\"wadwa dwadwa dwad\",\"appointment_id\":\"482\"}', 1, 0, 'medium', '2025-08-31 12:34:56', '2025-08-31 12:41:56'),
(362, '', 'You have been assigned as Primary Technician for Repair service on Oct 6, 2025 8:00 AM for customer Anna A Maslog', 249, 210, 482, NULL, NULL, NULL, '{\"appointment_id\":\"482\",\"customer_name\":\"Anna A Maslog\",\"service_type\":\"Repair\",\"appliance_type\":\"Coolers\",\"appointment_schedule\":\"2025-10-06 08:00:00\",\"technician_role\":\"primary\",\"technician_facing\":true,\"appointment_type\":\"new\"}', 0, 0, 'high', '2025-08-31 12:34:56', NULL),
(363, '', 'You have been assigned as Secondary Technician for Repair service on Oct 6, 2025 8:00 AM for customer Anna A Maslog', 251, 210, 482, NULL, NULL, NULL, '{\"appointment_id\":\"482\",\"customer_name\":\"Anna A Maslog\",\"service_type\":\"Repair\",\"appliance_type\":\"Coolers\",\"appointment_schedule\":\"2025-10-06 08:00:00\",\"technician_role\":\"secondary\",\"technician_facing\":true,\"appointment_type\":\"new\"}', 1, 0, 'high', '2025-08-31 12:34:56', '2025-08-31 12:56:00'),
(364, 'appointment_status_changed', 'Appointment #482 for Anna A Maslog (Repair) status changed from Pending to Cancelled', NULL, 210, 482, NULL, 'Pending', 'Cancelled', '{\"appointment_id\":\"482\",\"customer_name\":\"Anna A Maslog\",\"service_type\":\"Repair\",\"old_status\":\"Pending\",\"new_status\":\"Cancelled\"}', 1, 0, 'medium', '2025-08-31 12:35:16', '2025-08-31 12:41:56'),
(365, 'appointment_created', 'Customer Tea Tea Tea created a new appointment - Service: Maintenance, Date: September 4, 2025 at 2:00 PM', NULL, 239, 483, NULL, NULL, NULL, '{\"service_type\":\"Maintenance\",\"schedule\":\"2025-09-04 14:00:00\",\"customer_id\":\"239\",\"technician_name\":\"Jia Pinas Dalogdog\",\"appointment_id\":\"483\"}', 1, 0, 'medium', '2025-08-31 12:51:51', '2025-08-31 12:59:14'),
(366, '', 'You have been assigned as Primary Technician for Maintenance service on Sep 4, 2025 2:00 PM for customer Tea Tea Tea', 251, 239, 483, NULL, NULL, NULL, '{\"appointment_id\":\"483\",\"customer_name\":\"Tea Tea Tea\",\"service_type\":\"Maintenance\",\"appliance_type\":\"Freezers\",\"appointment_schedule\":\"2025-09-04 14:00:00\",\"technician_role\":\"primary\",\"technician_facing\":true,\"appointment_type\":\"new\"}', 1, 0, 'high', '2025-08-31 12:51:51', '2025-08-31 12:56:00'),
(367, '', 'You have been assigned as Secondary Technician for Maintenance service on Sep 4, 2025 2:00 PM for customer Tea Tea Tea', 249, 239, 483, NULL, NULL, NULL, '{\"appointment_id\":\"483\",\"customer_name\":\"Tea Tea Tea\",\"service_type\":\"Maintenance\",\"appliance_type\":\"Freezers\",\"appointment_schedule\":\"2025-09-04 14:00:00\",\"technician_role\":\"secondary\",\"technician_facing\":true,\"appointment_type\":\"new\"}', 0, 0, 'high', '2025-08-31 12:51:51', NULL),
(368, 'appointment_status_changed', 'Appointment #483 for Tea Tea Tea (Maintenance) status changed from Pending to Approved', NULL, 1, 483, NULL, 'Pending', 'Approved', '{\"appointment_id\":\"483\",\"customer_name\":\"Tea Tea Tea\",\"service_type\":\"Maintenance\",\"old_status\":\"Pending\",\"new_status\":\"Approved\",\"action_type\":\"accept\"}', 1, 0, 'medium', '2025-08-31 12:51:57', '2025-08-31 12:59:14'),
(369, 'appointment_status_changed', 'Your Maintenance appointment status has been updated to Approved', 239, 1, 483, NULL, 'Pending', 'Approved', '{\"appointment_id\":\"483\",\"service_type\":\"Maintenance\",\"new_status\":\"Approved\",\"appointment_schedule\":\"2025-09-04 14:00:00\",\"customer_facing\":true,\"action_type\":\"accept\"}', 1, 0, 'high', '2025-08-31 12:51:57', '2025-08-31 13:00:36'),
(370, '', 'Your appointment for Maintenance service on Sep 4, 2025 2:00 PM has been ACCEPTED by admin/staff. You can now start working on this task. You are paired with wadwa dwadwa dwad (Secondary Technician).', 251, 1, 483, NULL, NULL, NULL, '{\"appointment_id\":\"483\",\"customer_name\":\"Tea Tea Tea\",\"service_type\":\"Maintenance\",\"appliance_type\":\"Freezers\",\"appointment_schedule\":\"2025-09-04 14:00:00\",\"technician_role\":\"primary\",\"technician_facing\":true,\"action_type\":\"accept\",\"partner_technician\":\"wadwa dwadwa dwad\",\"is_team_assignment\":true}', 1, 0, 'high', '2025-08-31 12:51:57', '2025-08-31 12:56:00'),
(371, '', 'Your appointment for Maintenance service on Sep 4, 2025 2:00 PM has been ACCEPTED by admin/staff. You can now start working on this task as secondary technician. You are paired with Jia Pinas Dalogdog (Primary Technician).', 249, 1, 483, NULL, NULL, NULL, '{\"appointment_id\":\"483\",\"customer_name\":\"Tea Tea Tea\",\"service_type\":\"Maintenance\",\"appliance_type\":\"Freezers\",\"appointment_schedule\":\"2025-09-04 14:00:00\",\"technician_role\":\"secondary\",\"technician_facing\":true,\"action_type\":\"accept\",\"partner_technician\":\"Jia Pinas Dalogdog\",\"is_team_assignment\":true}', 0, 0, 'high', '2025-08-31 12:51:57', NULL),
(372, '', 'User information updated: Jia Pinas Dalogdog (Jia@gmail.com) - technician', NULL, 1, NULL, NULL, NULL, NULL, '{\"action\":\"edit\",\"target_user_id\":\"251\",\"user_type\":\"technician\",\"target_user_data\":{\"user_id\":251,\"full_name\":\"Jia Pinas Dalogdog\",\"user_email\":\"Jia@gmail.com\",\"user_type_id\":2},\"updated_data\":{\"first_name\":\"Jia\",\"middle_name\":\"Pinas\",\"last_name\":\"Dalogdog\",\"email\":\"Jia@gmail.com\",\"contact\":\"09686676066\",\"address\":\"dadwa, Quezon, Panabo City, Davao del Norte, 8105\",\"password\":\"jiatot\",\"user_type_id\":\"2\"}}', 1, 0, 'medium', '2025-08-31 12:52:52', '2025-08-31 12:59:14'),
(373, 'appointment_status_changed', 'Appointment #483 for Tea Tea Tea (Maintenance) status changed from Pending to In Progress', NULL, 251, 483, NULL, 'Pending', 'In Progress', '{\"appointment_id\":\"483\",\"customer_name\":\"Tea Tea Tea\",\"service_type\":\"Maintenance\",\"old_status\":\"Pending\",\"new_status\":\"In Progress\",\"action_type\":\"inprogress\"}', 1, 0, 'medium', '2025-08-31 12:53:08', '2025-08-31 12:59:14'),
(374, 'appointment_status_changed', 'Your Maintenance appointment status has been updated to In Progress', 239, 251, 483, NULL, 'Pending', 'In Progress', '{\"appointment_id\":\"483\",\"service_type\":\"Maintenance\",\"new_status\":\"In Progress\",\"appointment_schedule\":\"2025-09-04 14:00:00\",\"customer_facing\":true,\"action_type\":\"inprogress\"}', 1, 0, 'high', '2025-08-31 12:53:08', '2025-08-31 13:00:36'),
(375, 'appointment_status_changed', 'Appointment #483 for Tea Tea Tea (Maintenance) status changed from In Progress to Completed', NULL, 251, 483, NULL, 'In Progress', 'Completed', '{\"appointment_id\":\"483\",\"customer_name\":\"Tea Tea Tea\",\"service_type\":\"Maintenance\",\"old_status\":\"In Progress\",\"new_status\":\"Completed\",\"action_type\":\"complete\",\"price\":\"5555\",\"justification\":\"dwdawdawdawdwaaaaaaaaaaaaaaaaaaaaaaaaaaaaaaaaaaaa\"}', 1, 0, 'medium', '2025-08-31 12:53:24', '2025-08-31 12:59:14'),
(376, 'appointment_status_changed', 'Your Maintenance appointment status has been updated to Completed', 239, 251, 483, NULL, 'In Progress', 'Completed', '{\"appointment_id\":\"483\",\"service_type\":\"Maintenance\",\"new_status\":\"Completed\",\"appointment_schedule\":\"2025-09-04 14:00:00\",\"customer_facing\":true,\"action_type\":\"complete\",\"price\":\"5555\",\"justification\":\"dwdawdawdawdwaaaaaaaaaaaaaaaaaaaaaaaaaaaaaaaaaaaa\"}', 1, 0, 'high', '2025-08-31 12:53:24', '2025-08-31 13:00:36'),
(377, 'appointment_created', 'Customer Tea Tea Tea created a new appointment - Service: Repair, Date: September 2, 2025 at 3:00 PM', NULL, 239, 484, NULL, NULL, NULL, '{\"service_type\":\"Repair\",\"schedule\":\"2025-09-02 15:00:00\",\"customer_id\":\"239\",\"technician_name\":\"Jia Pinas Dalogdog\",\"appointment_id\":\"484\"}', 1, 0, 'medium', '2025-08-31 12:54:02', '2025-08-31 12:59:14'),
(378, '', 'You have been assigned as Primary Technician for Repair service on Sep 2, 2025 3:00 PM for customer Tea Tea Tea', 251, 239, 484, NULL, NULL, NULL, '{\"appointment_id\":\"484\",\"customer_name\":\"Tea Tea Tea\",\"service_type\":\"Repair\",\"appliance_type\":\"Coolers\",\"appointment_schedule\":\"2025-09-02 15:00:00\",\"technician_role\":\"primary\",\"technician_facing\":true,\"appointment_type\":\"new\"}', 1, 0, 'high', '2025-08-31 12:54:02', '2025-08-31 12:56:00'),
(379, '', 'You have been assigned as Secondary Technician for Repair service on Sep 2, 2025 3:00 PM for customer Tea Tea Tea', 249, 239, 484, NULL, NULL, NULL, '{\"appointment_id\":\"484\",\"customer_name\":\"Tea Tea Tea\",\"service_type\":\"Repair\",\"appliance_type\":\"Coolers\",\"appointment_schedule\":\"2025-09-02 15:00:00\",\"technician_role\":\"secondary\",\"technician_facing\":true,\"appointment_type\":\"new\"}', 0, 0, 'high', '2025-08-31 12:54:02', NULL),
(380, 'appointment_status_changed', 'Appointment #484 for Tea Tea Tea (Repair) status changed from Pending to Approved', NULL, 1, 484, NULL, 'Pending', 'Approved', '{\"appointment_id\":\"484\",\"customer_name\":\"Tea Tea Tea\",\"service_type\":\"Repair\",\"old_status\":\"Pending\",\"new_status\":\"Approved\",\"action_type\":\"accept\"}', 1, 0, 'medium', '2025-08-31 12:54:12', '2025-08-31 12:59:14'),
(381, 'appointment_status_changed', 'Your Repair appointment status has been updated to Approved', 239, 1, 484, NULL, 'Pending', 'Approved', '{\"appointment_id\":\"484\",\"service_type\":\"Repair\",\"new_status\":\"Approved\",\"appointment_schedule\":\"2025-09-02 15:00:00\",\"customer_facing\":true,\"action_type\":\"accept\"}', 1, 0, 'high', '2025-08-31 12:54:12', '2025-08-31 13:00:36'),
(382, '', 'Your appointment for Repair service on Sep 2, 2025 3:00 PM has been ACCEPTED by admin/staff. You can now start working on this task. You are paired with wadwa dwadwa dwad (Secondary Technician).', 251, 1, 484, NULL, NULL, NULL, '{\"appointment_id\":\"484\",\"customer_name\":\"Tea Tea Tea\",\"service_type\":\"Repair\",\"appliance_type\":\"Coolers\",\"appointment_schedule\":\"2025-09-02 15:00:00\",\"technician_role\":\"primary\",\"technician_facing\":true,\"action_type\":\"accept\",\"partner_technician\":\"wadwa dwadwa dwad\",\"is_team_assignment\":true}', 1, 0, 'high', '2025-08-31 12:54:12', '2025-08-31 12:56:00'),
(383, '', 'Your appointment for Repair service on Sep 2, 2025 3:00 PM has been ACCEPTED by admin/staff. You can now start working on this task as secondary technician. You are paired with Jia Pinas Dalogdog (Primary Technician).', 249, 1, 484, NULL, NULL, NULL, '{\"appointment_id\":\"484\",\"customer_name\":\"Tea Tea Tea\",\"service_type\":\"Repair\",\"appliance_type\":\"Coolers\",\"appointment_schedule\":\"2025-09-02 15:00:00\",\"technician_role\":\"secondary\",\"technician_facing\":true,\"action_type\":\"accept\",\"partner_technician\":\"Jia Pinas Dalogdog\",\"is_team_assignment\":true}', 0, 0, 'high', '2025-08-31 12:54:12', NULL),
(384, 'appointment_status_changed', 'Appointment #484 for Tea Tea Tea (Repair) status changed from Pending to In Progress', NULL, 251, 484, NULL, 'Pending', 'In Progress', '{\"appointment_id\":\"484\",\"customer_name\":\"Tea Tea Tea\",\"service_type\":\"Repair\",\"old_status\":\"Pending\",\"new_status\":\"In Progress\",\"action_type\":\"inprogress\"}', 1, 0, 'medium', '2025-08-31 12:54:23', '2025-08-31 12:59:14'),
(385, 'appointment_status_changed', 'Your Repair appointment status has been updated to In Progress', 239, 251, 484, NULL, 'Pending', 'In Progress', '{\"appointment_id\":\"484\",\"service_type\":\"Repair\",\"new_status\":\"In Progress\",\"appointment_schedule\":\"2025-09-02 15:00:00\",\"customer_facing\":true,\"action_type\":\"inprogress\"}', 1, 0, 'high', '2025-08-31 12:54:23', '2025-08-31 13:00:36'),
(386, 'appointment_status_changed', 'Appointment #484 for Tea Tea Tea (Repair) status changed from In Progress to Completed', NULL, 251, 484, NULL, 'In Progress', 'Completed', '{\"appointment_id\":\"484\",\"customer_name\":\"Tea Tea Tea\",\"service_type\":\"Repair\",\"old_status\":\"In Progress\",\"new_status\":\"Completed\",\"action_type\":\"complete\",\"price\":\"500\",\"justification\":\"dwadawdwadawdwadadawdwadwadwa\"}', 1, 0, 'medium', '2025-08-31 12:54:33', '2025-08-31 12:59:14'),
(387, 'appointment_status_changed', 'Your Repair appointment status has been updated to Completed', 239, 251, 484, NULL, 'In Progress', 'Completed', '{\"appointment_id\":\"484\",\"service_type\":\"Repair\",\"new_status\":\"Completed\",\"appointment_schedule\":\"2025-09-02 15:00:00\",\"customer_facing\":true,\"action_type\":\"complete\",\"price\":\"500\",\"justification\":\"dwadawdwadawdwadadawdwadwadwa\"}', 1, 0, 'high', '2025-08-31 12:54:33', '2025-08-31 13:00:36'),
(388, 'appointment_created', 'Customer Tea Tea Tea created a new appointment - Service: Maintenance, Date: September 2, 2025 at 11:00 AM', NULL, 239, 485, NULL, NULL, NULL, '{\"service_type\":\"Maintenance\",\"schedule\":\"2025-09-02 11:00:00\",\"customer_id\":\"239\",\"technician_name\":\"Jia Pinas Dalogdog\",\"appointment_id\":\"485\"}', 1, 0, 'medium', '2025-08-31 12:55:16', '2025-08-31 12:59:14'),
(389, '', 'You have been assigned as Primary Technician for Maintenance service on Sep 2, 2025 11:00 AM for customer Tea Tea Tea', 251, 239, 485, NULL, NULL, NULL, '{\"appointment_id\":\"485\",\"customer_name\":\"Tea Tea Tea\",\"service_type\":\"Maintenance\",\"appliance_type\":\"Freezers\",\"appointment_schedule\":\"2025-09-02 11:00:00\",\"technician_role\":\"primary\",\"technician_facing\":true,\"appointment_type\":\"new\"}', 1, 0, 'high', '2025-08-31 12:55:16', '2025-08-31 12:56:00'),
(390, '', 'You have been assigned as Secondary Technician for Maintenance service on Sep 2, 2025 11:00 AM for customer Tea Tea Tea', 253, 239, 485, NULL, NULL, NULL, '{\"appointment_id\":\"485\",\"customer_name\":\"Tea Tea Tea\",\"service_type\":\"Maintenance\",\"appliance_type\":\"Freezers\",\"appointment_schedule\":\"2025-09-02 11:00:00\",\"technician_role\":\"secondary\",\"technician_facing\":true,\"appointment_type\":\"new\"}', 1, 0, 'high', '2025-08-31 12:55:16', '2025-09-07 10:16:02'),
(391, 'appointment_status_changed', 'Appointment #485 for Tea Tea Tea (Maintenance) status changed from Pending to Approved', NULL, 1, 485, NULL, 'Pending', 'Approved', '{\"appointment_id\":\"485\",\"customer_name\":\"Tea Tea Tea\",\"service_type\":\"Maintenance\",\"old_status\":\"Pending\",\"new_status\":\"Approved\",\"action_type\":\"accept\"}', 1, 0, 'medium', '2025-08-31 12:55:20', '2025-08-31 12:59:14'),
(392, 'appointment_status_changed', 'Your Maintenance appointment status has been updated to Approved', 239, 1, 485, NULL, 'Pending', 'Approved', '{\"appointment_id\":\"485\",\"service_type\":\"Maintenance\",\"new_status\":\"Approved\",\"appointment_schedule\":\"2025-09-02 11:00:00\",\"customer_facing\":true,\"action_type\":\"accept\"}', 1, 0, 'high', '2025-08-31 12:55:20', '2025-08-31 13:00:36'),
(393, '', 'Your appointment for Maintenance service on Sep 2, 2025 11:00 AM has been ACCEPTED by admin/staff. You can now start working on this task. You are paired with jia opaw opaw (Secondary Technician).', 251, 1, 485, NULL, NULL, NULL, '{\"appointment_id\":\"485\",\"customer_name\":\"Tea Tea Tea\",\"service_type\":\"Maintenance\",\"appliance_type\":\"Freezers\",\"appointment_schedule\":\"2025-09-02 11:00:00\",\"technician_role\":\"primary\",\"technician_facing\":true,\"action_type\":\"accept\",\"partner_technician\":\"jia opaw opaw\",\"is_team_assignment\":true}', 1, 0, 'high', '2025-08-31 12:55:20', '2025-08-31 12:56:00'),
(394, '', 'Your appointment for Maintenance service on Sep 2, 2025 11:00 AM has been ACCEPTED by admin/staff. You can now start working on this task as secondary technician. You are paired with Jia Pinas Dalogdog (Primary Technician).', 253, 1, 485, NULL, NULL, NULL, '{\"appointment_id\":\"485\",\"customer_name\":\"Tea Tea Tea\",\"service_type\":\"Maintenance\",\"appliance_type\":\"Freezers\",\"appointment_schedule\":\"2025-09-02 11:00:00\",\"technician_role\":\"secondary\",\"technician_facing\":true,\"action_type\":\"accept\",\"partner_technician\":\"Jia Pinas Dalogdog\",\"is_team_assignment\":true}', 1, 0, 'high', '2025-08-31 12:55:20', '2025-09-07 10:16:02'),
(395, 'appointment_status_changed', 'Appointment #485 for Tea Tea Tea (Maintenance) status changed from Pending to In Progress', NULL, 251, 485, NULL, 'Pending', 'In Progress', '{\"appointment_id\":\"485\",\"customer_name\":\"Tea Tea Tea\",\"service_type\":\"Maintenance\",\"old_status\":\"Pending\",\"new_status\":\"In Progress\",\"action_type\":\"inprogress\"}', 1, 0, 'medium', '2025-08-31 12:55:35', '2025-08-31 12:59:14'),
(396, 'appointment_status_changed', 'Your Maintenance appointment status has been updated to In Progress', 239, 251, 485, NULL, 'Pending', 'In Progress', '{\"appointment_id\":\"485\",\"service_type\":\"Maintenance\",\"new_status\":\"In Progress\",\"appointment_schedule\":\"2025-09-02 11:00:00\",\"customer_facing\":true,\"action_type\":\"inprogress\"}', 1, 0, 'high', '2025-08-31 12:55:35', '2025-08-31 13:00:36'),
(397, 'appointment_status_changed', 'Appointment #485 for Tea Tea Tea (Maintenance) status changed from In Progress to Completed', NULL, 251, 485, NULL, 'In Progress', 'Completed', '{\"appointment_id\":\"485\",\"customer_name\":\"Tea Tea Tea\",\"service_type\":\"Maintenance\",\"old_status\":\"In Progress\",\"new_status\":\"Completed\",\"action_type\":\"complete\",\"price\":\"5555\",\"justification\":\"dwadwadwadwadw\"}', 1, 0, 'medium', '2025-08-31 12:55:44', '2025-08-31 12:59:14'),
(398, 'appointment_status_changed', 'Your Maintenance appointment status has been updated to Completed', 239, 251, 485, NULL, 'In Progress', 'Completed', '{\"appointment_id\":\"485\",\"service_type\":\"Maintenance\",\"new_status\":\"Completed\",\"appointment_schedule\":\"2025-09-02 11:00:00\",\"customer_facing\":true,\"action_type\":\"complete\",\"price\":\"5555\",\"justification\":\"dwadwadwadwadw\"}', 1, 0, 'high', '2025-08-31 12:55:44', '2025-08-31 13:00:36'),
(399, 'appointment_created', 'Customer Tea Tea Tea created a new appointment - Service: Repair, Date: September 18, 2025 at 2:00 PM', NULL, 239, 486, NULL, NULL, NULL, '{\"service_type\":\"Repair\",\"schedule\":\"2025-09-18 14:00:00\",\"customer_id\":\"239\",\"technician_name\":\"Jia Pinas Dalogdog\",\"appointment_id\":\"486\"}', 1, 0, 'medium', '2025-09-07 10:16:22', '2025-09-07 10:19:11'),
(400, '', 'You have been assigned as Primary Technician for Repair service on Sep 18, 2025 2:00 PM for customer Tea Tea Tea', 251, 239, 486, NULL, NULL, NULL, '{\"appointment_id\":\"486\",\"customer_name\":\"Tea Tea Tea\",\"service_type\":\"Repair\",\"appliance_type\":\"Electrical Systems\",\"appointment_schedule\":\"2025-09-18 14:00:00\",\"technician_role\":\"primary\",\"technician_facing\":true,\"appointment_type\":\"new\"}', 1, 0, 'high', '2025-09-07 10:16:22', '2025-09-07 10:19:05'),
(401, '', 'You have been assigned as Secondary Technician for Repair service on Sep 18, 2025 2:00 PM for customer Tea Tea Tea', 249, 239, 486, NULL, NULL, NULL, '{\"appointment_id\":\"486\",\"customer_name\":\"Tea Tea Tea\",\"service_type\":\"Repair\",\"appliance_type\":\"Electrical Systems\",\"appointment_schedule\":\"2025-09-18 14:00:00\",\"technician_role\":\"secondary\",\"technician_facing\":true,\"appointment_type\":\"new\"}', 0, 0, 'high', '2025-09-07 10:16:22', NULL),
(402, 'appointment_status_changed', 'Appointment #486 for Tea Tea Tea (Repair) status changed from Pending to Approved', NULL, 1, 486, NULL, 'Pending', 'Approved', '{\"appointment_id\":\"486\",\"customer_name\":\"Tea Tea Tea\",\"service_type\":\"Repair\",\"old_status\":\"Pending\",\"new_status\":\"Approved\",\"action_type\":\"accept\"}', 1, 0, 'medium', '2025-09-07 10:16:31', '2025-09-07 10:19:11'),
(403, 'appointment_status_changed', 'Your Repair appointment status has been updated to Approved', 239, 1, 486, NULL, 'Pending', 'Approved', '{\"appointment_id\":\"486\",\"service_type\":\"Repair\",\"new_status\":\"Approved\",\"appointment_schedule\":\"2025-09-18 14:00:00\",\"customer_facing\":true,\"action_type\":\"accept\"}', 1, 0, 'high', '2025-09-07 10:16:31', '2025-09-07 10:33:52'),
(404, '', 'Your appointment for Repair service on Sep 18, 2025 2:00 PM has been ACCEPTED by admin/staff. You can now start working on this task. You are paired with wadwa dwadwa dwad (Secondary Technician).', 251, 1, 486, NULL, NULL, NULL, '{\"appointment_id\":\"486\",\"customer_name\":\"Tea Tea Tea\",\"service_type\":\"Repair\",\"appliance_type\":\"Electrical Systems\",\"appointment_schedule\":\"2025-09-18 14:00:00\",\"technician_role\":\"primary\",\"technician_facing\":true,\"action_type\":\"accept\",\"partner_technician\":\"wadwa dwadwa dwad\",\"is_team_assignment\":true}', 1, 0, 'high', '2025-09-07 10:16:31', '2025-09-07 10:19:05'),
(405, '', 'Your appointment for Repair service on Sep 18, 2025 2:00 PM has been ACCEPTED by admin/staff. You can now start working on this task as secondary technician. You are paired with Jia Pinas Dalogdog (Primary Technician).', 249, 1, 486, NULL, NULL, NULL, '{\"appointment_id\":\"486\",\"customer_name\":\"Tea Tea Tea\",\"service_type\":\"Repair\",\"appliance_type\":\"Electrical Systems\",\"appointment_schedule\":\"2025-09-18 14:00:00\",\"technician_role\":\"secondary\",\"technician_facing\":true,\"action_type\":\"accept\",\"partner_technician\":\"Jia Pinas Dalogdog\",\"is_team_assignment\":true}', 0, 0, 'high', '2025-09-07 10:16:31', NULL),
(406, 'appointment_status_changed', 'Appointment #486 for Tea Tea Tea (Repair) status changed from Pending to In Progress', NULL, 251, 486, NULL, 'Pending', 'In Progress', '{\"appointment_id\":\"486\",\"customer_name\":\"Tea Tea Tea\",\"service_type\":\"Repair\",\"old_status\":\"Pending\",\"new_status\":\"In Progress\",\"action_type\":\"inprogress\"}', 1, 0, 'medium', '2025-09-07 10:17:18', '2025-09-07 10:19:11'),
(407, 'appointment_status_changed', 'Your Repair appointment status has been updated to In Progress', 239, 251, 486, NULL, 'Pending', 'In Progress', '{\"appointment_id\":\"486\",\"service_type\":\"Repair\",\"new_status\":\"In Progress\",\"appointment_schedule\":\"2025-09-18 14:00:00\",\"customer_facing\":true,\"action_type\":\"inprogress\"}', 1, 0, 'high', '2025-09-07 10:17:18', '2025-09-07 10:33:52'),
(408, 'appointment_status_changed', 'Appointment #486 for Tea Tea Tea (Repair) status changed from In Progress to Completed', NULL, 251, 486, NULL, 'In Progress', 'Completed', '{\"appointment_id\":\"486\",\"customer_name\":\"Tea Tea Tea\",\"service_type\":\"Repair\",\"old_status\":\"In Progress\",\"new_status\":\"Completed\",\"action_type\":\"complete\",\"price\":\"800\",\"justification\":\"dawdawdawdwadwadadwadwadadadwa\"}', 1, 0, 'medium', '2025-09-07 10:17:29', '2025-09-07 10:19:11'),
(409, 'appointment_status_changed', 'Your Repair appointment status has been updated to Completed', 239, 251, 486, NULL, 'In Progress', 'Completed', '{\"appointment_id\":\"486\",\"service_type\":\"Repair\",\"new_status\":\"Completed\",\"appointment_schedule\":\"2025-09-18 14:00:00\",\"customer_facing\":true,\"action_type\":\"complete\",\"price\":\"800\",\"justification\":\"dawdawdawdwadwadadwadwadadadwa\"}', 1, 0, 'high', '2025-09-07 10:17:29', '2025-09-07 10:33:52'),
(410, 'appointment_created', 'Customer Tea Tea Tea created a new appointment - Service: Maintenance, Date: September 19, 2025 at 9:00 AM', NULL, 239, 487, NULL, NULL, NULL, '{\"service_type\":\"Maintenance\",\"schedule\":\"2025-09-19 09:00:00\",\"customer_id\":\"239\",\"technician_name\":\"Jia Pinas Dalogdog\",\"appointment_id\":\"487\"}', 1, 0, 'medium', '2025-09-07 10:18:29', '2025-09-07 10:19:11');
INSERT INTO `notification` (`notification_id`, `event_type`, `event_description`, `target_user_id`, `actor_user_id`, `related_appointment_id`, `related_invoice_id`, `old_status`, `new_status`, `additional_data`, `is_read`, `is_system_notification`, `priority`, `created_at`, `read_at`) VALUES
(411, '', 'You have been assigned as Primary Technician for Maintenance service on Sep 19, 2025 9:00 AM for customer Tea Tea Tea', 251, 239, 487, NULL, NULL, NULL, '{\"appointment_id\":\"487\",\"customer_name\":\"Tea Tea Tea\",\"service_type\":\"Maintenance\",\"appliance_type\":\"Freezers\",\"appointment_schedule\":\"2025-09-19 09:00:00\",\"technician_role\":\"primary\",\"technician_facing\":true,\"appointment_type\":\"new\"}', 1, 0, 'high', '2025-09-07 10:18:29', '2025-09-07 10:19:05'),
(412, '', 'You have been assigned as Secondary Technician for Maintenance service on Sep 19, 2025 9:00 AM for customer Tea Tea Tea', 253, 239, 487, NULL, NULL, NULL, '{\"appointment_id\":\"487\",\"customer_name\":\"Tea Tea Tea\",\"service_type\":\"Maintenance\",\"appliance_type\":\"Freezers\",\"appointment_schedule\":\"2025-09-19 09:00:00\",\"technician_role\":\"secondary\",\"technician_facing\":true,\"appointment_type\":\"new\"}', 0, 0, 'high', '2025-09-07 10:18:29', NULL),
(413, 'appointment_status_changed', 'Appointment #487 for Tea Tea Tea (Maintenance) status changed from Pending to Approved', NULL, 1, 487, NULL, 'Pending', 'Approved', '{\"appointment_id\":\"487\",\"customer_name\":\"Tea Tea Tea\",\"service_type\":\"Maintenance\",\"old_status\":\"Pending\",\"new_status\":\"Approved\",\"action_type\":\"accept\"}', 1, 0, 'medium', '2025-09-07 10:18:39', '2025-09-07 10:19:11'),
(414, 'appointment_status_changed', 'Your Maintenance appointment status has been updated to Approved', 239, 1, 487, NULL, 'Pending', 'Approved', '{\"appointment_id\":\"487\",\"service_type\":\"Maintenance\",\"new_status\":\"Approved\",\"appointment_schedule\":\"2025-09-19 09:00:00\",\"customer_facing\":true,\"action_type\":\"accept\"}', 1, 0, 'high', '2025-09-07 10:18:39', '2025-09-07 10:33:52'),
(415, '', 'Your appointment for Maintenance service on Sep 19, 2025 9:00 AM has been ACCEPTED by admin/staff. You can now start working on this task. You are paired with jia opaw opaw (Secondary Technician).', 251, 1, 487, NULL, NULL, NULL, '{\"appointment_id\":\"487\",\"customer_name\":\"Tea Tea Tea\",\"service_type\":\"Maintenance\",\"appliance_type\":\"Freezers\",\"appointment_schedule\":\"2025-09-19 09:00:00\",\"technician_role\":\"primary\",\"technician_facing\":true,\"action_type\":\"accept\",\"partner_technician\":\"jia opaw opaw\",\"is_team_assignment\":true}', 1, 0, 'high', '2025-09-07 10:18:39', '2025-09-07 10:19:05'),
(416, '', 'Your appointment for Maintenance service on Sep 19, 2025 9:00 AM has been ACCEPTED by admin/staff. You can now start working on this task as secondary technician. You are paired with Jia Pinas Dalogdog (Primary Technician).', 253, 1, 487, NULL, NULL, NULL, '{\"appointment_id\":\"487\",\"customer_name\":\"Tea Tea Tea\",\"service_type\":\"Maintenance\",\"appliance_type\":\"Freezers\",\"appointment_schedule\":\"2025-09-19 09:00:00\",\"technician_role\":\"secondary\",\"technician_facing\":true,\"action_type\":\"accept\",\"partner_technician\":\"Jia Pinas Dalogdog\",\"is_team_assignment\":true}', 0, 0, 'high', '2025-09-07 10:18:39', NULL),
(417, 'appointment_status_changed', 'Appointment #487 for Tea Tea Tea (Maintenance) status changed from Pending to In Progress', NULL, 251, 487, NULL, 'Pending', 'In Progress', '{\"appointment_id\":\"487\",\"customer_name\":\"Tea Tea Tea\",\"service_type\":\"Maintenance\",\"old_status\":\"Pending\",\"new_status\":\"In Progress\",\"action_type\":\"inprogress\"}', 1, 0, 'medium', '2025-09-07 10:18:48', '2025-09-07 10:19:11'),
(418, 'appointment_status_changed', 'Your Maintenance appointment status has been updated to In Progress', 239, 251, 487, NULL, 'Pending', 'In Progress', '{\"appointment_id\":\"487\",\"service_type\":\"Maintenance\",\"new_status\":\"In Progress\",\"appointment_schedule\":\"2025-09-19 09:00:00\",\"customer_facing\":true,\"action_type\":\"inprogress\"}', 1, 0, 'high', '2025-09-07 10:18:48', '2025-09-07 10:33:52'),
(419, 'appointment_status_changed', 'Appointment #487 for Tea Tea Tea (Maintenance) status changed from In Progress to Completed', NULL, 251, 487, NULL, 'In Progress', 'Completed', '{\"appointment_id\":\"487\",\"customer_name\":\"Tea Tea Tea\",\"service_type\":\"Maintenance\",\"old_status\":\"In Progress\",\"new_status\":\"Completed\",\"action_type\":\"complete\",\"price\":\"5665\",\"justification\":\"dwadwadwadddddddddddawdwadwa\"}', 1, 0, 'medium', '2025-09-07 10:19:01', '2025-09-07 10:19:11'),
(420, 'appointment_status_changed', 'Your Maintenance appointment status has been updated to Completed', 239, 251, 487, NULL, 'In Progress', 'Completed', '{\"appointment_id\":\"487\",\"service_type\":\"Maintenance\",\"new_status\":\"Completed\",\"appointment_schedule\":\"2025-09-19 09:00:00\",\"customer_facing\":true,\"action_type\":\"complete\",\"price\":\"5665\",\"justification\":\"dwadwadwadddddddddddawdwadwa\"}', 1, 0, 'high', '2025-09-07 10:19:01', '2025-09-07 10:33:52'),
(421, 'appointment_created', 'Customer Tea Tea Tea created a new appointment - Service: Repair, Date: September 11, 2025 at 9:00 AM', NULL, 239, 488, NULL, NULL, NULL, '{\"service_type\":\"Repair\",\"schedule\":\"2025-09-11 09:00:00\",\"customer_id\":\"239\",\"technician_name\":\"Jia Pinas Dalogdog\",\"appointment_id\":\"488\"}', 1, 0, 'medium', '2025-09-07 10:41:10', '2025-09-07 10:50:25'),
(422, '', 'You have been assigned as Primary Technician for Repair service on Sep 11, 2025 9:00 AM for customer Tea Tea Tea', 251, 239, 488, NULL, NULL, NULL, '{\"appointment_id\":\"488\",\"customer_name\":\"Tea Tea Tea\",\"service_type\":\"Repair\",\"appliance_type\":\"Electrical Systems\",\"appointment_schedule\":\"2025-09-11 09:00:00\",\"technician_role\":\"primary\",\"technician_facing\":true,\"appointment_type\":\"new\"}', 1, 0, 'high', '2025-09-07 10:41:10', '2025-09-07 10:41:24'),
(423, '', 'You have been assigned as Secondary Technician for Repair service on Sep 11, 2025 9:00 AM for customer Tea Tea Tea', 253, 239, 488, NULL, NULL, NULL, '{\"appointment_id\":\"488\",\"customer_name\":\"Tea Tea Tea\",\"service_type\":\"Repair\",\"appliance_type\":\"Electrical Systems\",\"appointment_schedule\":\"2025-09-11 09:00:00\",\"technician_role\":\"secondary\",\"technician_facing\":true,\"appointment_type\":\"new\"}', 0, 0, 'high', '2025-09-07 10:41:10', NULL),
(424, 'appointment_status_changed', 'Appointment #488 for Tea Tea Tea (Repair) status changed from Pending to Approved', NULL, 1, 488, NULL, 'Pending', 'Approved', '{\"appointment_id\":\"488\",\"customer_name\":\"Tea Tea Tea\",\"service_type\":\"Repair\",\"old_status\":\"Pending\",\"new_status\":\"Approved\",\"action_type\":\"accept\"}', 1, 0, 'medium', '2025-09-07 10:41:20', '2025-09-07 10:50:25'),
(425, 'appointment_status_changed', 'Your Repair appointment status has been updated to Approved', 239, 1, 488, NULL, 'Pending', 'Approved', '{\"appointment_id\":\"488\",\"service_type\":\"Repair\",\"new_status\":\"Approved\",\"appointment_schedule\":\"2025-09-11 09:00:00\",\"customer_facing\":true,\"action_type\":\"accept\"}', 1, 0, 'high', '2025-09-07 10:41:20', '2025-09-07 10:50:14'),
(426, '', 'Your appointment for Repair service on Sep 11, 2025 9:00 AM has been ACCEPTED by admin/staff. You can now start working on this task. You are paired with jia opaw opaw (Secondary Technician).', 251, 1, 488, NULL, NULL, NULL, '{\"appointment_id\":\"488\",\"customer_name\":\"Tea Tea Tea\",\"service_type\":\"Repair\",\"appliance_type\":\"Electrical Systems\",\"appointment_schedule\":\"2025-09-11 09:00:00\",\"technician_role\":\"primary\",\"technician_facing\":true,\"action_type\":\"accept\",\"partner_technician\":\"jia opaw opaw\",\"is_team_assignment\":true}', 1, 0, 'high', '2025-09-07 10:41:20', '2025-09-07 10:41:24'),
(427, '', 'Your appointment for Repair service on Sep 11, 2025 9:00 AM has been ACCEPTED by admin/staff. You can now start working on this task as secondary technician. You are paired with Jia Pinas Dalogdog (Primary Technician).', 253, 1, 488, NULL, NULL, NULL, '{\"appointment_id\":\"488\",\"customer_name\":\"Tea Tea Tea\",\"service_type\":\"Repair\",\"appliance_type\":\"Electrical Systems\",\"appointment_schedule\":\"2025-09-11 09:00:00\",\"technician_role\":\"secondary\",\"technician_facing\":true,\"action_type\":\"accept\",\"partner_technician\":\"Jia Pinas Dalogdog\",\"is_team_assignment\":true}', 0, 0, 'high', '2025-09-07 10:41:20', NULL),
(428, 'appointment_status_changed', 'Appointment #488 for Tea Tea Tea (Repair) status changed from Pending to In Progress', NULL, 251, 488, NULL, 'Pending', 'In Progress', '{\"appointment_id\":\"488\",\"customer_name\":\"Tea Tea Tea\",\"service_type\":\"Repair\",\"old_status\":\"Pending\",\"new_status\":\"In Progress\",\"action_type\":\"inprogress\"}', 1, 0, 'medium', '2025-09-07 10:41:27', '2025-09-07 10:50:25'),
(429, 'appointment_status_changed', 'Your Repair appointment status has been updated to In Progress', 239, 251, 488, NULL, 'Pending', 'In Progress', '{\"appointment_id\":\"488\",\"service_type\":\"Repair\",\"new_status\":\"In Progress\",\"appointment_schedule\":\"2025-09-11 09:00:00\",\"customer_facing\":true,\"action_type\":\"inprogress\"}', 1, 0, 'high', '2025-09-07 10:41:27', '2025-09-07 10:50:14'),
(430, 'appointment_status_changed', 'Appointment #488 for Tea Tea Tea (Repair) status changed from In Progress to Completed', NULL, 251, 488, NULL, 'In Progress', 'Completed', '{\"appointment_id\":\"488\",\"customer_name\":\"Tea Tea Tea\",\"service_type\":\"Repair\",\"old_status\":\"In Progress\",\"new_status\":\"Completed\",\"action_type\":\"complete\",\"price\":\"500\",\"justification\":\"dwadddddddddddddddddddddddddddddddddddddddd\"}', 1, 0, 'medium', '2025-09-07 10:41:35', '2025-09-07 10:50:25'),
(431, 'appointment_status_changed', 'Your Repair appointment status has been updated to Completed', 239, 251, 488, NULL, 'In Progress', 'Completed', '{\"appointment_id\":\"488\",\"service_type\":\"Repair\",\"new_status\":\"Completed\",\"appointment_schedule\":\"2025-09-11 09:00:00\",\"customer_facing\":true,\"action_type\":\"complete\",\"price\":\"500\",\"justification\":\"dwadddddddddddddddddddddddddddddddddddddddd\"}', 1, 0, 'high', '2025-09-07 10:41:35', '2025-09-07 10:50:14'),
(432, 'appointment_status_changed', 'Appointment #488 for Tea Tea Tea (Repair) status changed from Unpaid to Paid', NULL, 251, 488, NULL, 'Unpaid', 'Paid', '{\"appointment_id\":\"488\",\"customer_name\":\"Tea Tea Tea\",\"service_type\":\"Repair\",\"old_status\":\"Unpaid\",\"new_status\":\"Paid\",\"action_type\":\"paid\"}', 1, 0, 'medium', '2025-09-07 10:48:24', '2025-09-07 10:50:25'),
(433, 'payment_status_changed', 'Payment received for your Repair appointment. Amount: ₱500.00', 239, 251, 488, NULL, 'Unpaid', 'Paid', '{\"appointment_id\":\"488\",\"service_type\":\"Repair\",\"payment_amount\":\"500\",\"old_payment_status\":\"Unpaid\",\"new_payment_status\":\"Paid\",\"appointment_schedule\":\"2025-09-11 09:00:00\",\"customer_facing\":true,\"action_type\":\"paid\"}', 1, 0, 'high', '2025-09-07 10:48:24', '2025-09-07 10:50:14'),
(434, 'appointment_created', 'Customer Tea Tea Tea created a new appointment - Service: Repair, Date: September 17, 2025 at 3:00 PM', NULL, 239, 489, NULL, NULL, NULL, '{\"service_type\":\"Repair\",\"schedule\":\"2025-09-17 15:00:00\",\"customer_id\":\"239\",\"technician_name\":\"Jia Pinas Dalogdog\",\"appointment_id\":\"489\"}', 1, 0, 'medium', '2025-09-07 10:52:42', '2025-09-07 10:54:50'),
(435, '', 'You have been assigned as Primary Technician for Repair service on Sep 17, 2025 3:00 PM for customer Tea Tea Tea', 251, 239, 489, NULL, NULL, NULL, '{\"appointment_id\":\"489\",\"customer_name\":\"Tea Tea Tea\",\"service_type\":\"Repair\",\"appliance_type\":\"Electrical Systems\",\"appointment_schedule\":\"2025-09-17 15:00:00\",\"technician_role\":\"primary\",\"technician_facing\":true,\"appointment_type\":\"new\"}', 1, 0, 'high', '2025-09-07 10:52:42', '2025-09-07 11:21:24'),
(436, '', 'You have been assigned as Secondary Technician for Repair service on Sep 17, 2025 3:00 PM for customer Tea Tea Tea', 253, 239, 489, NULL, NULL, NULL, '{\"appointment_id\":\"489\",\"customer_name\":\"Tea Tea Tea\",\"service_type\":\"Repair\",\"appliance_type\":\"Electrical Systems\",\"appointment_schedule\":\"2025-09-17 15:00:00\",\"technician_role\":\"secondary\",\"technician_facing\":true,\"appointment_type\":\"new\"}', 0, 0, 'high', '2025-09-07 10:52:42', NULL),
(437, 'appointment_status_changed', 'Appointment #489 for Tea Tea Tea (Repair) status changed from Pending to Cancelled', NULL, 239, 489, NULL, 'Pending', 'Cancelled', '{\"appointment_id\":\"489\",\"customer_name\":\"Tea Tea Tea\",\"service_type\":\"Repair\",\"old_status\":\"Pending\",\"new_status\":\"Cancelled\"}', 1, 0, 'medium', '2025-09-07 10:55:57', '2025-09-07 10:56:00'),
(438, 'appointment_created', 'Customer Tea Tea Tea created a new appointment - Service: Repair, Date: September 16, 2025 at 1:00 PM', NULL, 239, 490, NULL, NULL, NULL, '{\"service_type\":\"Repair\",\"schedule\":\"2025-09-16 13:00:00\",\"customer_id\":\"239\",\"technician_name\":\"Jia Pinas Dalogdog\",\"appointment_id\":\"490\"}', 1, 0, 'medium', '2025-09-07 10:56:16', '2025-09-07 11:26:06'),
(439, '', 'You have been assigned as Primary Technician for Repair service on Sep 16, 2025 1:00 PM for customer Tea Tea Tea', 251, 239, 490, NULL, NULL, NULL, '{\"appointment_id\":\"490\",\"customer_name\":\"Tea Tea Tea\",\"service_type\":\"Repair\",\"appliance_type\":\"Electrical Systems\",\"appointment_schedule\":\"2025-09-16 13:00:00\",\"technician_role\":\"primary\",\"technician_facing\":true,\"appointment_type\":\"new\"}', 1, 0, 'high', '2025-09-07 10:56:16', '2025-09-07 11:21:24'),
(440, '', 'You have been assigned as Secondary Technician for Repair service on Sep 16, 2025 1:00 PM for customer Tea Tea Tea', 249, 239, 490, NULL, NULL, NULL, '{\"appointment_id\":\"490\",\"customer_name\":\"Tea Tea Tea\",\"service_type\":\"Repair\",\"appliance_type\":\"Electrical Systems\",\"appointment_schedule\":\"2025-09-16 13:00:00\",\"technician_role\":\"secondary\",\"technician_facing\":true,\"appointment_type\":\"new\"}', 0, 0, 'high', '2025-09-07 10:56:16', NULL),
(441, 'appointment_status_changed', 'Appointment #490 for Tea Tea Tea (Repair) status changed from Pending to Cancelled', NULL, 239, 490, NULL, 'Pending', 'Cancelled', '{\"appointment_id\":\"490\",\"customer_name\":\"Tea Tea Tea\",\"service_type\":\"Repair\",\"old_status\":\"Pending\",\"new_status\":\"Cancelled\"}', 1, 0, 'medium', '2025-09-07 11:26:13', '2025-09-07 11:30:10'),
(442, 'appointment_created', 'Customer Tea Tea Tea created a new appointment - Service: Repair, Date: September 18, 2025 at 2:00 PM', NULL, 239, 491, NULL, NULL, NULL, '{\"service_type\":\"Repair\",\"schedule\":\"2025-09-18 14:00:00\",\"customer_id\":\"239\",\"technician_name\":\"Jia Pinas Dalogdog\",\"appointment_id\":\"491\"}', 1, 0, 'medium', '2025-09-07 11:26:33', '2025-09-07 11:30:10'),
(443, '', 'You have been assigned as Primary Technician for Repair service on Sep 18, 2025 2:00 PM for customer Tea Tea Tea', 251, 239, 491, NULL, NULL, NULL, '{\"appointment_id\":\"491\",\"customer_name\":\"Tea Tea Tea\",\"service_type\":\"Repair\",\"appliance_type\":\"Electrical Systems\",\"appointment_schedule\":\"2025-09-18 14:00:00\",\"technician_role\":\"primary\",\"technician_facing\":true,\"appointment_type\":\"new\"}', 0, 0, 'high', '2025-09-07 11:26:33', NULL),
(444, '', 'You have been assigned as Secondary Technician for Repair service on Sep 18, 2025 2:00 PM for customer Tea Tea Tea', 253, 239, 491, NULL, NULL, NULL, '{\"appointment_id\":\"491\",\"customer_name\":\"Tea Tea Tea\",\"service_type\":\"Repair\",\"appliance_type\":\"Electrical Systems\",\"appointment_schedule\":\"2025-09-18 14:00:00\",\"technician_role\":\"secondary\",\"technician_facing\":true,\"appointment_type\":\"new\"}', 0, 0, 'high', '2025-09-07 11:26:33', NULL),
(445, 'appointment_status_changed', 'Appointment #491 for Tea Tea Tea (Repair) status changed from Pending to Approved', NULL, 1, 491, NULL, 'Pending', 'Approved', '{\"appointment_id\":\"491\",\"customer_name\":\"Tea Tea Tea\",\"service_type\":\"Repair\",\"old_status\":\"Pending\",\"new_status\":\"Approved\",\"action_type\":\"accept\"}', 1, 0, 'medium', '2025-09-07 11:26:53', '2025-09-07 11:30:10'),
(446, 'appointment_status_changed', 'Your Repair appointment status has been updated to Approved', 239, 1, 491, NULL, 'Pending', 'Approved', '{\"appointment_id\":\"491\",\"service_type\":\"Repair\",\"new_status\":\"Approved\",\"appointment_schedule\":\"2025-09-18 14:00:00\",\"customer_facing\":true,\"action_type\":\"accept\"}', 1, 0, 'high', '2025-09-07 11:26:53', '2025-09-07 12:35:57'),
(447, '', 'Your appointment for Repair service on Sep 18, 2025 2:00 PM has been ACCEPTED by admin/staff. You can now start working on this task. You are paired with jia opaw opaw (Secondary Technician).', 251, 1, 491, NULL, NULL, NULL, '{\"appointment_id\":\"491\",\"customer_name\":\"Tea Tea Tea\",\"service_type\":\"Repair\",\"appliance_type\":\"Electrical Systems\",\"appointment_schedule\":\"2025-09-18 14:00:00\",\"technician_role\":\"primary\",\"technician_facing\":true,\"action_type\":\"accept\",\"partner_technician\":\"jia opaw opaw\",\"is_team_assignment\":true}', 0, 0, 'high', '2025-09-07 11:26:53', NULL),
(448, '', 'Your appointment for Repair service on Sep 18, 2025 2:00 PM has been ACCEPTED by admin/staff. You can now start working on this task as secondary technician. You are paired with Jia Pinas Dalogdog (Primary Technician).', 253, 1, 491, NULL, NULL, NULL, '{\"appointment_id\":\"491\",\"customer_name\":\"Tea Tea Tea\",\"service_type\":\"Repair\",\"appliance_type\":\"Electrical Systems\",\"appointment_schedule\":\"2025-09-18 14:00:00\",\"technician_role\":\"secondary\",\"technician_facing\":true,\"action_type\":\"accept\",\"partner_technician\":\"Jia Pinas Dalogdog\",\"is_team_assignment\":true}', 0, 0, 'high', '2025-09-07 11:26:53', NULL),
(449, 'appointment_status_changed', 'Appointment #491 for Tea Tea Tea (Repair) status changed from Pending to In Progress', NULL, 251, 491, NULL, 'Pending', 'In Progress', '{\"appointment_id\":\"491\",\"customer_name\":\"Tea Tea Tea\",\"service_type\":\"Repair\",\"old_status\":\"Pending\",\"new_status\":\"In Progress\",\"action_type\":\"inprogress\"}', 1, 0, 'medium', '2025-09-07 11:28:08', '2025-09-07 11:30:10'),
(450, 'appointment_status_changed', 'Your Repair appointment status has been updated to In Progress', 239, 251, 491, NULL, 'Pending', 'In Progress', '{\"appointment_id\":\"491\",\"service_type\":\"Repair\",\"new_status\":\"In Progress\",\"appointment_schedule\":\"2025-09-18 14:00:00\",\"customer_facing\":true,\"action_type\":\"inprogress\"}', 1, 0, 'high', '2025-09-07 11:28:08', '2025-09-07 12:35:57'),
(451, 'appointment_status_changed', 'Appointment #491 for Tea Tea Tea (Repair) status changed from In Progress to Completed', NULL, 251, 491, NULL, 'In Progress', 'Completed', '{\"appointment_id\":\"491\",\"customer_name\":\"Tea Tea Tea\",\"service_type\":\"Repair\",\"old_status\":\"In Progress\",\"new_status\":\"Completed\",\"action_type\":\"complete\",\"price\":\"500\",\"justification\":\"dadadwadwadadwadadwadadadwdwa\"}', 1, 0, 'medium', '2025-09-07 11:28:41', '2025-09-07 11:30:10'),
(452, 'appointment_status_changed', 'Your Repair appointment status has been updated to Completed', 239, 251, 491, NULL, 'In Progress', 'Completed', '{\"appointment_id\":\"491\",\"service_type\":\"Repair\",\"new_status\":\"Completed\",\"appointment_schedule\":\"2025-09-18 14:00:00\",\"customer_facing\":true,\"action_type\":\"complete\",\"price\":\"500\",\"justification\":\"dadadwadwadadwadadwadadadwdwa\"}', 1, 0, 'high', '2025-09-07 11:28:41', '2025-09-07 12:35:57'),
(453, 'appointment_status_changed', 'Appointment #491 for Tea Tea Tea (Repair) status changed from Unpaid to Paid', NULL, 251, 491, NULL, 'Unpaid', 'Paid', '{\"appointment_id\":\"491\",\"customer_name\":\"Tea Tea Tea\",\"service_type\":\"Repair\",\"old_status\":\"Unpaid\",\"new_status\":\"Paid\",\"action_type\":\"paid\"}', 1, 0, 'medium', '2025-09-07 11:30:38', '2025-09-07 12:11:20'),
(454, 'payment_status_changed', 'Payment received for your Repair appointment. Amount: ₱500.00', 239, 251, 491, NULL, 'Unpaid', 'Paid', '{\"appointment_id\":\"491\",\"service_type\":\"Repair\",\"payment_amount\":\"500\",\"old_payment_status\":\"Unpaid\",\"new_payment_status\":\"Paid\",\"appointment_schedule\":\"2025-09-18 14:00:00\",\"customer_facing\":true,\"action_type\":\"paid\"}', 1, 0, 'high', '2025-09-07 11:30:38', '2025-09-07 12:35:57');

-- --------------------------------------------------------

--
-- Table structure for table `service_type`
--

CREATE TABLE `service_type` (
  `service_type_id` int(11) NOT NULL,
  `service_type_name` varchar(255) NOT NULL,
  `service_type_price_min` int(11) NOT NULL,
  `service_type_price_max` int(11) NOT NULL
) ENGINE=InnoDB DEFAULT CHARSET=utf8mb4 COLLATE=utf8mb4_general_ci;

--
-- Dumping data for table `service_type`
--

INSERT INTO `service_type` (`service_type_id`, `service_type_name`, `service_type_price_min`, `service_type_price_max`) VALUES
(4, 'Repair', 400, 800),
(5, 'Maintenance', 1321, 32132131),
(8, 'Perepair', 126, 21312),
(9, 'appType', 21321, 321321321),
(11, 'testing nsd', 2323, 321321),
(12, 'yamitits', 21321, 23132131),
(15, 'dwadwadwadwadwadwa', 21321, 2147483647),
(16, 'test', 1, 122121);

-- --------------------------------------------------------

--
-- Table structure for table `service_type_appliances`
--

CREATE TABLE `service_type_appliances` (
  `service_type_id` int(11) NOT NULL,
  `appliances_type_id` int(11) NOT NULL
) ENGINE=InnoDB DEFAULT CHARSET=utf8mb4 COLLATE=utf8mb4_general_ci;

--
-- Dumping data for table `service_type_appliances`
--

INSERT INTO `service_type_appliances` (`service_type_id`, `appliances_type_id`) VALUES
(4, 16),
(4, 17),
(4, 18),
(5, 13),
(5, 15),
(5, 16),
(8, 12),
(8, 20),
(8, 21),
(9, 5),
(9, 22),
(11, 24),
(12, 1),
(12, 25),
(12, 26),
(15, 28),
(15, 32),
(15, 33),
(15, 35),
(15, 36),
(15, 37),
(16, 1);

-- --------------------------------------------------------

--
-- Table structure for table `user`
--

CREATE TABLE `user` (
  `user_id` int(11) NOT NULL,
  `user_name` varchar(255) NOT NULL,
  `user_midname` varchar(255) NOT NULL,
  `user_lastname` varchar(255) NOT NULL,
  `user_pass` varchar(255) NOT NULL,
  `user_email` varchar(255) NOT NULL,
  `user_contact` varchar(255) NOT NULL,
  `house_building_street` varchar(255) DEFAULT NULL,
  `barangay` varchar(100) DEFAULT NULL,
  `municipality_city` varchar(100) DEFAULT NULL,
  `province` varchar(100) DEFAULT NULL,
  `zip_code` varchar(10) DEFAULT NULL,
  `user_profile_picture` varchar(255) DEFAULT NULL,
  `user_type_id` int(11) NOT NULL,
  `is_active` tinyint(1) DEFAULT 0 COMMENT 'Tracks if user is currently logged in/active',
  `last_login` datetime DEFAULT NULL COMMENT 'Tracks when user last logged in',
  `last_activity` datetime DEFAULT NULL COMMENT 'Tracks user last activity timestamp',
  `availability_status` enum('available','unavailable','scheduled') DEFAULT 'available' COMMENT 'Technician availability status (only for technicians)',
  `availability_date` date DEFAULT NULL COMMENT 'Specific date technician set their availability for',
  `availability_start_time` time DEFAULT NULL COMMENT 'Start time for technician availability',
  `availability_end_time` time DEFAULT NULL COMMENT 'End time for technician availability',
  `availability_notes` text DEFAULT NULL COMMENT 'Optional notes about technician availability',
  `user_created` datetime DEFAULT current_timestamp() COMMENT 'User account creation timestamp'
) ENGINE=InnoDB DEFAULT CHARSET=utf8mb4 COLLATE=utf8mb4_general_ci;

--
-- Dumping data for table `user`
--

INSERT INTO `user` (`user_id`, `user_name`, `user_midname`, `user_lastname`, `user_pass`, `user_email`, `user_contact`, `house_building_street`, `barangay`, `municipality_city`, `province`, `zip_code`, `user_profile_picture`, `user_type_id`, `is_active`, `last_login`, `last_activity`, `availability_status`, `availability_date`, `availability_start_time`, `availability_end_time`, `availability_notes`, `user_created`) VALUES
(1, 'admin', 'Admin', 'Admin', 'admin', 'admin@gmail.com', '09686676066', 'Mangalcal', 'Ising', 'Carmen', 'Davao del Norte', '8101', 'user_1_profile_1755126700.jpg', 1, 0, '2025-09-07 17:22:51', '2025-09-07 20:14:24', 'available', NULL, NULL, NULL, NULL, '2025-08-04 16:40:00'),
(193, 'Alie', '', 'Derla', 'aliederla123', 'aliederla@gmail.com', '', NULL, NULL, NULL, NULL, NULL, NULL, 1, 0, NULL, NULL, 'available', NULL, NULL, NULL, NULL, '2025-08-04 16:40:00'),
(194, 'Julivel', '', 'Derla', 'HAHAHA', 'julivelderla@gmail.com', '09686676066', 'Prk Saging', 'Anibongan', 'Carmen', 'Davao del Norte', '8101', 'user_194_profile_1754993170.jpg', 3, 0, '2025-09-07 17:38:09', '2025-09-07 17:38:46', 'available', NULL, NULL, NULL, NULL, '2025-08-04 16:40:00'),
(195, 'Alexlee', 'Omila', 'Derla', 'alexleederla123', 'alexleederla@gmail.com', '09686676066', 'Prk 1', 'Alejal', 'Carmen', 'Davao del Norte', '8101', 'user_195_profile_1755140915.jpg', 2, 0, '2025-09-07 17:38:53', '2025-09-07 17:54:42', 'available', '2025-09-12', '09:00:00', '15:00:00', NULL, '2025-08-04 16:40:00'),
(196, 'Arnel', '', 'Derla', 'arnelderla123', 'arnelderla@gmail.com', '09686676066', '', '', '', '', '', 'user_196_profile_1755011553.jpg', 2, 0, '2025-08-12 23:10:04', '2025-08-04 18:38:16', 'available', '2025-09-11', '13:00:00', '17:00:00', NULL, '2025-08-04 16:40:00'),
(197, 'Joseph', '', 'Sawan', 'josephsawan123', 'josephsawan@gmail.com', '', NULL, NULL, NULL, NULL, NULL, NULL, 2, 0, NULL, NULL, 'available', NULL, NULL, NULL, NULL, '2025-08-04 16:40:00'),
(198, 'Jayr', '', 'Lemindog', 'jayrlemindog123', 'jayrlemindog@gmail.com', '', NULL, NULL, NULL, NULL, NULL, NULL, 2, 0, NULL, NULL, 'available', NULL, NULL, NULL, NULL, '2025-08-04 16:40:00'),
(199, 'Eric', '', 'Tadle', 'erictadle123', 'erictadle@gmail.com', '', NULL, NULL, NULL, NULL, NULL, NULL, 2, 0, NULL, NULL, 'available', NULL, NULL, NULL, NULL, '2025-08-04 16:40:00'),
(200, 'Jeff', '', 'Lemindog', 'jefflemindog123', 'jefflemindog@gmail.com', '', NULL, NULL, NULL, NULL, NULL, NULL, 2, 0, NULL, NULL, 'available', NULL, NULL, NULL, NULL, '2025-08-04 16:40:00'),
(201, 'Archie', '', 'Aguimod', 'archieaguimod123', 'archieaguimod@gmail.com', '', NULL, NULL, NULL, NULL, NULL, NULL, 2, 1, '2025-08-08 19:04:52', NULL, 'available', NULL, NULL, NULL, NULL, '2025-08-04 16:40:00'),
(202, 'Jr', '', 'Lemindog', 'jrlemindog123', 'jrlemindog@gmail.com', '', NULL, NULL, NULL, NULL, NULL, NULL, 2, 0, NULL, NULL, 'available', NULL, NULL, NULL, NULL, '2025-08-04 16:40:00'),
(203, 'Jundie', '', 'Linogan', 'jundielinogan123', 'jundielinogan@gmail.com', '09642135995', 'Purok 4-A', 'A. O. Floirendo', 'Panabo City', 'Davao del Norte', '8105', NULL, 2, 0, NULL, NULL, 'available', NULL, NULL, NULL, NULL, '2025-08-04 16:40:00'),
(204, 'Jelmar', '', 'Lemindog', 'jelmarlemindog123', 'jelmarlemindog@gmail.com', '', NULL, NULL, NULL, NULL, NULL, NULL, 2, 0, NULL, NULL, 'available', NULL, NULL, NULL, NULL, '2025-08-04 16:40:00'),
(205, 'Allan', '', 'Ando', 'allanando123', 'allanando@gmail.com', '', NULL, NULL, NULL, NULL, NULL, NULL, 2, 0, NULL, NULL, 'available', NULL, NULL, NULL, NULL, '2025-08-04 16:40:00'),
(206, 'Piolo', '', 'Placio', 'pioloplacio123', 'pioloplacio@gmail.com', '', NULL, NULL, NULL, NULL, NULL, NULL, 2, 0, NULL, NULL, 'available', NULL, NULL, NULL, NULL, '2025-08-04 16:40:00'),
(207, 'Jose', '', 'Bacan', 'josebacan123', 'josebacan@gmail.com', '', NULL, NULL, NULL, NULL, NULL, NULL, 2, 0, NULL, NULL, 'available', NULL, NULL, NULL, NULL, '2025-08-04 16:40:00'),
(208, 'Aljhon', '', 'Ando', 'aljhonando123', 'aljhonando@gmail.com', '', NULL, NULL, NULL, NULL, NULL, NULL, 2, 0, NULL, NULL, 'available', NULL, NULL, NULL, NULL, '2025-08-04 16:40:00'),
(209, 'Rj', '', 'Lucero', 'rjlucero123', 'rjlucero@gmail.com', '', NULL, NULL, NULL, NULL, NULL, NULL, 2, 0, NULL, NULL, 'available', NULL, NULL, NULL, NULL, '2025-08-04 16:40:00'),
(210, 'Anna', 'A', 'Maslog', '123', 'anna@gmail.com', '90234234234', 'Pasulod sa kalubin-an', 'Alejal', 'Carmen', 'Davao del Norte', '8101', 'user_210_profile_1755127767.jpg', 4, 0, '2025-09-07 17:58:51', '2025-09-07 18:15:12', 'available', NULL, NULL, NULL, NULL, '2025-08-04 16:40:00'),
(213, 'John', 'Doe', 'Smithh', '123', 'john@gmail.com', '093738383882', NULL, NULL, NULL, NULL, NULL, NULL, 4, 0, NULL, NULL, 'available', NULL, NULL, NULL, NULL, '2025-08-04 16:40:00'),
(214, 'Cyndara', 'Derla', 'Omila', 'dara08', 'cyndaraomila@gmail.com', '09515737744', NULL, NULL, NULL, NULL, NULL, NULL, 4, 0, NULL, NULL, 'available', NULL, NULL, NULL, NULL, '2025-08-04 16:40:00'),
(216, 'Gerald', 'S.', 'Bual', 'Patubo123', 'bualgerald@gmail.com', '09123456789', NULL, NULL, NULL, NULL, NULL, NULL, 4, 0, NULL, NULL, 'available', NULL, NULL, NULL, NULL, '2025-08-04 16:40:00'),
(217, 'Dan', 'D', 'DANAN', '123', 'dan@gmail.com', '090900900', NULL, NULL, NULL, NULL, NULL, NULL, 4, 0, NULL, NULL, 'available', NULL, NULL, NULL, NULL, '2025-08-04 16:40:00'),
(218, 'Dave', 'D', 'Smithh', '123', 'dave@gmail.com', '0948484833', NULL, NULL, NULL, NULL, NULL, NULL, 4, 0, NULL, NULL, 'available', NULL, NULL, NULL, NULL, '2025-08-04 16:40:00'),
(223, 'qwert', 'q', 'qwert', 'Qwerty123', 'qwe@gmail.com', '12312312312', NULL, NULL, NULL, NULL, NULL, NULL, 4, 0, NULL, NULL, 'available', NULL, NULL, NULL, NULL, '2025-08-04 16:40:00'),
(224, 'TEST123', '132', '1312', 'Hvac1234', 'awd@gmail.com', '30123123123', NULL, NULL, NULL, NULL, NULL, NULL, 4, 0, NULL, NULL, 'available', NULL, NULL, NULL, NULL, '2025-08-04 16:40:00'),
(225, 'Jetelyn', 'Sombilon', 'Dalogdog', 'Crushnakosjetelyn123', 'sombilon.jetelyn@gmail.com', '09999999999', NULL, NULL, NULL, NULL, NULL, NULL, 4, 0, NULL, NULL, 'available', NULL, NULL, NULL, NULL, '2025-08-04 16:40:00'),
(226, 'Jetelyn', 'Sombilon', 'Dalogdog', 'Jetelyn12345', 'jetelyn.dalogdog@gmail.com', '92749163817', NULL, NULL, NULL, NULL, NULL, NULL, 4, 0, NULL, NULL, 'available', NULL, NULL, NULL, NULL, '2025-08-04 16:40:00'),
(227, 'Princess Madagascar', 'Batombakal', 'Monkeypox', 'Kigwa123', 'batumbakal.princessrhea@gmail.com', '09088184442', NULL, NULL, NULL, NULL, NULL, NULL, 4, 0, NULL, NULL, 'available', NULL, NULL, NULL, NULL, '2025-08-04 16:40:00'),
(228, 'Layla', 'Abris', 'Maslog', 'Laylamaslog123', 'maslog@gmail.com', '09810633870', NULL, NULL, NULL, NULL, NULL, NULL, 2, 0, NULL, NULL, 'available', NULL, NULL, NULL, NULL, '2025-08-04 16:40:00'),
(229, 'Miya', 'Maslog', 'Braga', 'Braga123', 'braga@gmail.com', '09673456432', NULL, NULL, NULL, NULL, NULL, NULL, 4, 0, NULL, NULL, 'available', NULL, NULL, NULL, NULL, '2025-08-04 16:40:00'),
(0, 'test', 'test', 'test', 'Testtesttest123', 'test@gmail.com', '09305632188', NULL, NULL, NULL, NULL, NULL, NULL, 4, 0, NULL, NULL, 'available', NULL, NULL, NULL, NULL, '2025-08-04 16:40:00'),
(0, 'Alexander', 'Dunganon', 'Dalogdog', 'Alexander123', 'alexanderdalogdog07@gmail.com', '09305632188', NULL, NULL, NULL, NULL, NULL, NULL, 4, 0, NULL, NULL, 'available', NULL, NULL, NULL, NULL, '2025-08-04 16:40:00'),
(0, 'Test', 'User', 'Registration', 'testpassword123', 'test_1753327197@example.com', '09123456789', NULL, NULL, NULL, NULL, NULL, NULL, 4, 0, NULL, NULL, 'available', NULL, NULL, NULL, NULL, '2025-08-04 16:40:00'),
(0, 'Fixed', 'Test', 'User', 'fixedpassword123', 'fixed_test_1753327300@example.com', '09123456789', NULL, NULL, NULL, NULL, NULL, NULL, 4, 0, NULL, NULL, 'available', NULL, NULL, NULL, NULL, '2025-08-04 16:40:00'),
(0, 'Manual', 'Test', 'User', '$2y$10$5LN7cWNIcEUGv1X3IuY4puJWrFXrD1hhNDGFrO9fj/.nCIGRmvdvm', 'manual_test_1753327300@example.com', '09123456789', NULL, NULL, NULL, NULL, NULL, NULL, 4, 0, NULL, NULL, 'available', NULL, NULL, NULL, NULL, '2025-08-04 16:40:00'),
(0, 'Alexander', 'Dunganon', 'Dalogdog', '09305632188', 'alexanderdalogdog07@gmail.com', '09305632188', NULL, NULL, NULL, NULL, NULL, NULL, 4, 0, NULL, NULL, 'available', NULL, NULL, NULL, NULL, '2025-08-04 16:40:00'),
(0, 'akorani', 'akorani', 'akorani', 'Akoranipo123', 'akoranipo@gmail.com', '09451231232', NULL, NULL, NULL, NULL, NULL, NULL, 4, 0, NULL, NULL, 'available', NULL, NULL, NULL, NULL, '2025-08-04 16:40:00'),
(0, 'Simple', 'Test', 'User', '$2y$10$l0nxnvn2KHMrSk7bpQa1YOHc8IWF8W50xK.ugK9qwhfsbvj8X2ldC', 'simple_test_1753327705@example.com', '09123456789', NULL, NULL, NULL, NULL, NULL, NULL, 4, 0, NULL, NULL, 'available', NULL, NULL, NULL, NULL, '2025-08-04 16:40:00'),
(0, 'Direct', 'Test', 'User', 'directpassword123', 'direct_test_1753327754@example.com', '09123456789', NULL, NULL, NULL, NULL, NULL, NULL, 4, 0, NULL, NULL, 'available', NULL, NULL, NULL, NULL, '2025-08-04 16:40:00'),
(0, 'Class', 'Test', 'User', '$2y$10$HvT5CkvHDjcJHiyleWZ2W.Lqhj3JIpQAIn5/wisOrAD3D2UAJJ/.a', 'class_test_1753327754@example.com', '09987654321', NULL, NULL, NULL, NULL, NULL, NULL, 4, 0, NULL, NULL, 'available', NULL, NULL, NULL, NULL, '2025-08-04 16:40:00'),
(0, 'Manual', 'Debug', 'User', 'manualpassword123', 'manual_debug_1753327754@example.com', '09111222333', NULL, NULL, NULL, NULL, NULL, NULL, 4, 0, NULL, NULL, 'available', NULL, NULL, NULL, NULL, '2025-08-04 16:40:00'),
(0, 'Error', 'Test', 'User', '$2y$10$HtGW.mnSIPblSzM.3VAdvuq/YVEizl1vOkEeBAmJfvUsnD9vUwW.2', 'error_test_1753327968@example.com', '09123456789', NULL, NULL, NULL, NULL, NULL, NULL, 4, 0, NULL, NULL, 'available', NULL, NULL, NULL, NULL, '2025-08-04 16:40:00'),
(0, 'Class', 'Test', 'User', '$2y$10$eeFlmpDSgUX8GQFBW6BG9OdB8TJVK9UXRx3LwqjKxcZMkafBncOfC', 'class_error_1753327968@example.com', '09987654321', NULL, NULL, NULL, NULL, NULL, NULL, 4, 0, NULL, NULL, 'available', NULL, NULL, NULL, NULL, '2025-08-04 16:40:00'),
(0, 'Structure', 'Test', 'User', 'structurepassword123', 'structure_test_1753328014@example.com', '09123456789', NULL, NULL, NULL, NULL, NULL, NULL, 4, 0, NULL, NULL, 'available', NULL, NULL, NULL, NULL, '2025-08-04 16:40:00'),
(0, 'test', 'test', 'teasdt', 'ewadwada', 'teast@gmail.com', '09305632188', NULL, NULL, NULL, NULL, NULL, NULL, 4, 0, NULL, NULL, 'available', NULL, NULL, NULL, NULL, '2025-08-04 16:40:00'),
(0, 'test', 'test', 'test', '$2y$10$AaqlxIGUq.HanpV5TI2wiOlzanM4/8da.sLYXMYtxvdH3l9mflnva', 'test@gmail.com', '09305632188', NULL, NULL, NULL, NULL, NULL, NULL, 4, 0, NULL, NULL, 'available', NULL, NULL, NULL, NULL, '2025-08-04 16:40:00'),
(230, 'Tae', 'Tae', 'tae', 'tae123', 'tae@gmail.com', '09345678199', NULL, NULL, NULL, NULL, NULL, NULL, 3, 0, NULL, NULL, 'available', NULL, NULL, NULL, NULL, '2025-08-04 16:40:00'),
(0, 'testtest', 'testtest', 'testtest', 'Registrationtesting123', 'test@gmail.com', '09305634177', NULL, NULL, NULL, NULL, NULL, NULL, 4, 0, NULL, NULL, 'available', NULL, NULL, NULL, NULL, '2025-08-04 16:40:00'),
(231, 'test', 'register', 'testest', 'Registertesting123', 'testregister@gmail.com', '09564871399', NULL, NULL, NULL, NULL, NULL, NULL, 4, 0, NULL, NULL, 'available', NULL, NULL, NULL, NULL, '2025-08-04 16:40:00'),
(232, 'test', 'test', 'test', 'Testtest123', 'test@gmail.com', '09305632188', NULL, NULL, NULL, NULL, NULL, NULL, 4, 0, NULL, NULL, 'available', NULL, NULL, NULL, NULL, '2025-08-04 16:40:00'),
(233, 'Joy', 'Ann', 'grace', 'Grace123', 'grace@gmail.com', '09686676066', NULL, NULL, NULL, NULL, NULL, NULL, 4, 0, NULL, NULL, 'available', NULL, NULL, NULL, NULL, '2025-08-04 16:40:00'),
(234, 'Grace', 'Dunganon', 'Dalogdog', 'Taetatatata13', 'taetateatea@gmail.com', '09077629001', NULL, NULL, NULL, NULL, NULL, NULL, 4, 0, NULL, NULL, 'available', NULL, NULL, NULL, NULL, '2025-08-04 16:40:00'),
(235, 'test', 'test', 'test', 'Testingotp123', 'otptest@gmail.com', '09686676066', NULL, NULL, NULL, NULL, NULL, NULL, 4, 0, NULL, NULL, 'available', NULL, NULL, NULL, NULL, '2025-08-04 16:40:00'),
(236, 'test', 'test', 'test', 'Teadwadwa123', 'test@gmail.com', '09686676066', NULL, NULL, NULL, NULL, NULL, NULL, 4, 0, NULL, NULL, 'available', NULL, NULL, NULL, NULL, '2025-08-04 16:40:00'),
(237, 'Apol', 'Kiki', 'Yamiti', 'tae', 'dawdawdwa@gmail.com', '09914103850', NULL, NULL, NULL, NULL, NULL, NULL, 4, 0, '2025-08-05 20:23:07', NULL, 'available', NULL, NULL, NULL, NULL, '2025-08-04 16:40:00'),
(238, 'vale', 'tae', 'taevale', 'vale', 'valetae@gmail.com', '09686676066', NULL, NULL, NULL, NULL, NULL, NULL, 2, 0, NULL, NULL, 'available', NULL, NULL, NULL, NULL, '2025-08-04 19:16:35'),
(239, 'Tea', 'Tea', 'Tea', 'Tea123', 'rolando@gmail.com', '09912969139', 'Purok 4-A', 'Bobongon', 'Sto. Tomas', 'Davao del Norte', '8112', NULL, 4, 1, '2025-09-07 18:15:18', '2025-09-07 20:41:39', 'available', NULL, NULL, NULL, NULL, '2025-08-06 19:12:13'),
(240, 'awww', 'aw', 'aw', 'Aw123', 'aw@gmail.com', '09686676066', 'daaw', 'A. O. Floirendo', 'Panabo City', 'Davao del Norte', '8100', NULL, 4, 0, NULL, NULL, 'available', NULL, NULL, NULL, NULL, '2025-08-06 21:23:10'),
(241, 'dwadw', 'adwadw', 'dadawdawdwadwadaw', 'dwadawdwa', 'dawdwadwa@gmail.com', '09686676066', 'adwadawd', 'Anibongan', 'Carmen', 'Davao del Norte', '8101', NULL, 4, 0, NULL, NULL, 'available', NULL, NULL, NULL, NULL, '2025-08-11 20:46:19'),
(242, 'tech', 'tech', 'techy', 'techy123', 'tecy@gmail.com', '09686676066', 'tae', 'Anibongan', 'Carmen', 'Davao del Norte', '8101', NULL, 2, 0, '2025-08-14 09:00:32', '2025-08-14 09:55:23', 'available', NULL, NULL, NULL, NULL, '2025-08-14 08:47:26'),
(244, 'dwad', 'dwad', 'dwadw', 'dwadwadaw', 'dwadwa@gmail.com', '09686676066', 'dwadwa', 'A. O. Floirendo', 'Panabo City', 'Davao del Norte', '8105', NULL, 3, 0, NULL, NULL, 'available', NULL, NULL, NULL, NULL, '2025-08-14 09:09:26'),
(245, 'test', 'test', 'test', 'testing123', 'test@gmail.com', '09686676066', 'test', 'Alejal', 'Carmen', 'Davao del Norte', '8101', NULL, 4, 0, NULL, NULL, 'available', NULL, NULL, NULL, NULL, '2025-08-14 09:14:44'),
(246, 'wew', 'ewe', 'wew', 'wew123', 'wew@gmail.com', '09686676066', 'wew', 'Anibongan', 'Carmen', 'Davao del Norte', '8101', NULL, 4, 0, NULL, NULL, 'available', NULL, NULL, NULL, NULL, '2025-08-14 09:17:44'),
(247, 'wewewew213', 'wewe2132', 'e', 'wew123232', 'ewdwadwa@gmail.com', '09686676066', 'dwa', 'A. O. Floirendo', 'Panabo City', 'Davao del Norte', '8105', NULL, 4, 0, NULL, NULL, 'available', NULL, NULL, NULL, NULL, '2025-08-14 09:19:34'),
(248, 'sabaw', 'sab daw', 'sab daw', 'Sabaw123', 'sabdaw@gmail.com', '09686676066', 'tae', 'Anibongan', 'Carmen', 'Davao del Norte', '8101', NULL, 4, 0, NULL, NULL, 'available', NULL, NULL, NULL, NULL, '2025-08-14 09:23:33'),
(249, 'wadwa', 'dwadwa', 'dwad', '$2y$10$EEW0o0keHeRWhuvDPMHiH.5Vl2zjJb5F1O2/LqKSZE2IEHrmyffx.', 'dwadwdwa@gmail.com', '09686676066', 'dwadwa', 'Anibongan', 'Carmen', 'Davao del Norte', '8101', NULL, 2, 0, NULL, NULL, 'available', NULL, NULL, NULL, NULL, '2025-08-14 09:24:41'),
(250, 'dwad', 'dwad', 'dwadw', '$2y$10$nPjyP4OhZC2UnZp/5ySaj.U/byeBw5/eyLnaDVXEwA81KAnfz9B46', 'dwadwada@gmail.com', '09686676066', 'dwadadwa', 'Anibongan', 'Carmen', 'Davao del Norte', '8101', NULL, 2, 0, NULL, NULL, 'available', NULL, NULL, NULL, NULL, '2025-08-14 09:25:51'),
(251, 'Jia', 'Pinas', 'Dalogdog', 'jiatot', 'Jia@gmail.com', '09686676066', 'dadwa', 'Quezon', 'Panabo City', 'Davao del Norte', '8105', 'user_251_profile_1756644977.jpg', 2, 1, '2025-09-07 18:17:11', '2025-09-07 20:41:37', 'available', NULL, NULL, NULL, NULL, '2025-08-14 09:27:14'),
(252, 'awawdknnk', 'mlkmdlwalkdm', 'mlkmklm', '$2y$10$GYL9EK.MQFCrgR9m23snIuiXV.DL.HhA8ZxcGYT2ixS0GBOAL1j1C', 'mklkml@gmail.com', '09686676066', 'dwadwa', 'Asuncion (Cuatro-Cuatro)', 'Carmen', 'Davao del Norte', '8101', NULL, 2, 0, NULL, NULL, 'available', NULL, NULL, NULL, NULL, '2025-08-14 09:31:26'),
(253, 'jia', 'opaw', 'opaw', 'Jiaopaw123', 'jiaopaw@gmail.com', '09686676066', 'opawcabili', 'San Vicente', 'Sto. Tomas', 'Davao del Norte', '8112', 'user_253_profile_1756375227.jpg', 2, 0, '2025-09-07 18:15:58', '2025-09-07 18:17:06', 'available', NULL, NULL, NULL, NULL, '2025-08-14 09:34:07'),
(254, 'dwa', 'da', 'dwa', '$2y$10$GtA3wIlF/lhbPCiD2kWNc.0qDUyoYx/JqN97GWbeqSDctGAa/39C.', 'dwadaw@gmail.com', '09587794166', 'wadwa', 'A. O. Floirendo', 'Panabo City', 'Davao del Norte', '8105', NULL, 4, 0, NULL, NULL, 'available', NULL, NULL, NULL, NULL, '2025-08-14 11:42:30');

-- --------------------------------------------------------

--
-- Table structure for table `user_type`
--

CREATE TABLE `user_type` (
  `user_type_id` int(11) NOT NULL,
  `user_type_name` varchar(255) NOT NULL
) ENGINE=InnoDB DEFAULT CHARSET=utf8mb4 COLLATE=utf8mb4_general_ci;

--
-- Dumping data for table `user_type`
--

INSERT INTO `user_type` (`user_type_id`, `user_type_name`) VALUES
(1, 'administrator'),
(2, 'technician'),
(3, 'staff'),
(4, 'customer');

--
-- Indexes for dumped tables
--

--
-- Indexes for table `appliances_type`
--
ALTER TABLE `appliances_type`
  ADD PRIMARY KEY (`appliances_type_id`);

--
-- Indexes for table `appointment`
--
ALTER TABLE `appointment`
  ADD KEY `fk_appointment_appliances_type` (`appliances_type_id`);

--
-- Indexes for table `appointment_transaction_address`
--
ALTER TABLE `appointment_transaction_address`
  ADD PRIMARY KEY (`transaction_address_id`),
  ADD UNIQUE KEY `unique_app_address` (`app_id`),
  ADD KEY `idx_app_id` (`app_id`),
  ADD KEY `idx_user_id` (`user_id`),
  ADD KEY `idx_municipality_city` (`municipality_city`),
  ADD KEY `idx_province` (`province`),
  ADD KEY `idx_captured_at` (`captured_at`);

--
-- Indexes for table `notification`
--
ALTER TABLE `notification`
  ADD PRIMARY KEY (`notification_id`),
  ADD KEY `idx_target_user` (`target_user_id`),
  ADD KEY `idx_actor_user` (`actor_user_id`),
  ADD KEY `idx_event_type` (`event_type`),
  ADD KEY `idx_created_at` (`created_at`),
  ADD KEY `idx_is_read` (`is_read`),
  ADD KEY `fk_notification_appointment` (`related_appointment_id`);

--
-- Indexes for table `service_type`
--
ALTER TABLE `service_type`
  ADD PRIMARY KEY (`service_type_id`);

--
-- Indexes for table `service_type_appliances`
--
ALTER TABLE `service_type_appliances`
  ADD PRIMARY KEY (`service_type_id`,`appliances_type_id`),
  ADD KEY `appliances_type_id` (`appliances_type_id`);

--
-- Indexes for table `user`
--
ALTER TABLE `user`
  ADD KEY `idx_user_is_active` (`is_active`),
  ADD KEY `idx_user_availability_status` (`availability_status`),
  ADD KEY `idx_user_availability_date` (`availability_date`);

--
-- AUTO_INCREMENT for dumped tables
--

--
-- AUTO_INCREMENT for table `appliances_type`
--
ALTER TABLE `appliances_type`
  MODIFY `appliances_type_id` int(11) NOT NULL AUTO_INCREMENT, AUTO_INCREMENT=38;

--
-- AUTO_INCREMENT for table `appointment_transaction_address`
--
ALTER TABLE `appointment_transaction_address`
  MODIFY `transaction_address_id` int(11) NOT NULL AUTO_INCREMENT, AUTO_INCREMENT=5;

--
-- AUTO_INCREMENT for table `notification`
--
ALTER TABLE `notification`
  MODIFY `notification_id` int(11) NOT NULL AUTO_INCREMENT, AUTO_INCREMENT=455;

--
-- AUTO_INCREMENT for table `service_type`
--
ALTER TABLE `service_type`
  MODIFY `service_type_id` int(11) NOT NULL AUTO_INCREMENT, AUTO_INCREMENT=17;

--
-- Constraints for dumped tables
--

--
-- Constraints for table `appointment`
--
ALTER TABLE `appointment`
  ADD CONSTRAINT `fk_appointment_appliances_type` FOREIGN KEY (`appliances_type_id`) REFERENCES `appliances_type` (`appliances_type_id`) ON DELETE SET NULL ON UPDATE CASCADE;

--
-- Constraints for table `service_type_appliances`
--
ALTER TABLE `service_type_appliances`
  ADD CONSTRAINT `service_type_appliances_ibfk_1` FOREIGN KEY (`service_type_id`) REFERENCES `service_type` (`service_type_id`) ON DELETE CASCADE,
  ADD CONSTRAINT `service_type_appliances_ibfk_2` FOREIGN KEY (`appliances_type_id`) REFERENCES `appliances_type` (`appliances_type_id`) ON DELETE CASCADE;
COMMIT;

/*!40101 SET CHARACTER_SET_CLIENT=@OLD_CHARACTER_SET_CLIENT */;
/*!40101 SET CHARACTER_SET_RESULTS=@OLD_CHARACTER_SET_RESULTS */;
/*!40101 SET COLLATION_CONNECTION=@OLD_COLLATION_CONNECTION */;
